"ID","Description","GeneRatio","BgRatio","RichFactor","FoldEnrichment","zScore","pvalue","p.adjust","qvalue","geneID","Count"
"REACTOME_IMMUNOREGULATORY_INTERACTIONS_BETWEEN_A_LYMPHOID_AND_A_NON_LYMPHOID_CELL","REACTOME_IMMUNOREGULATORY_INTERACTIONS_BETWEEN_A_LYMPHOID_AND_A_NON_LYMPHOID_CELL","93/1221","170/10623",0.547058823529412,4.75954617719324,17.8069798007543,1.30202015104892e-43,1.47258479083633e-40,1.20197018154727e-40,"912/911/114836/57823/2214/919/28908/28299/28914/28940/28913/28938/28937/28912/28921/28919/28933/28930/28893/28896/28881/28883/28874/28901/28903/3676/1281/10225/131450/3134/3105/3106/4277/54210/79465/1278/1308/8519/120425/916/915/917/56253/9976/3695/28474/28457/28452/28450/28449/28442/28439/28434/28395/28394/28465/28424/28420/28392/28461/567/930/3683/1277/11314/146722/3383/7087/933/89790/89858/946/8778/126014/10859/6614/3689/28778/28820/28822/28823/28825/28793/28813/28796/28797/28815/28816/28817/28809/3538/3539/4068",93
"REACTOME_CD22_MEDIATED_BCR_REGULATION","REACTOME_CD22_MEDIATED_BCR_REGULATION","53/1221","60/10623",0.883333333333333,7.68521703521704,18.7132126835529,1.00393991063942e-42,5.67728019466592e-40,4.6339752717409e-40,"28908/28299/28914/28940/28913/28938/28937/28912/28921/28919/28933/28930/28893/28896/28881/28883/28874/28901/28903/3495/3507/28474/28457/28452/28450/28449/28442/28439/28434/28395/28394/28465/28424/28420/28392/28461/933/973/28778/28820/28822/28823/28825/28793/28813/28796/28797/28815/28816/28817/28809/3538/3539",53
"REACTOME_FCGR_ACTIVATION","REACTOME_FCGR_ACTIVATION","56/1221","68/10623",0.823529411764706,7.16490822373175,18.378193098047,1.437647019947e-41,5.41992926520018e-39,4.42391732102988e-39,"2214/919/28908/28299/28914/28940/28913/28938/28937/28912/28921/28919/28933/28930/28893/28896/28881/28883/28874/28901/28903/917/3503/3501/3500/28474/28457/28452/28450/28449/28442/28439/28434/28395/28394/28465/28424/28420/28392/28461/3055/28778/28820/28822/28823/28825/28793/28813/28796/28797/28815/28816/28817/28809/3538/3539",56
"REACTOME_ANTIGEN_ACTIVATES_B_CELL_RECEPTOR_BCR_LEADING_TO_GENERATION_OF_SECOND_MESSENGERS","REACTOME_ANTIGEN_ACTIVATES_B_CELL_RECEPTOR_BCR_LEADING_TO_GENERATION_OF_SECOND_MESSENGERS","60/1221","85/10623",0.705882352941177,6.14134990605579,17.1497733406986,1.43344739851951e-37,4.05307251931393e-35,3.30824570658319e-35,"28908/28299/28914/28940/28913/28938/28937/28912/28921/28919/28933/28930/28893/28896/28881/28883/28874/28901/28903/27071/3710/640/3495/3507/28474/28457/28452/28450/28449/28442/28439/28434/28395/28394/28465/28424/28420/28392/28461/930/7409/933/973/28778/28820/28822/28823/28825/28793/28813/28796/28797/28815/28816/28817/28809/3538/3539/30011/695",60
"REACTOME_CREATION_OF_C4_AND_C2_ACTIVATORS","REACTOME_CREATION_OF_C4_AND_C2_ACTIVATORS","53/1221","68/10623",0.779411764705882,6.78107385460327,17.2339453821839,4.60092923439144e-37,8.67275160682787e-35,7.07897357642332e-35,"713/28908/28299/28914/28940/28913/28938/28937/28912/28921/28919/28933/28930/28893/28896/28881/28883/28874/28901/28903/3503/3501/3500/28474/28457/28452/28450/28449/28442/28439/28434/28395/28394/28465/28424/28420/28392/28461/28778/28820/28822/28823/28825/28793/28813/28796/28797/28815/28816/28817/28809/3538/3539",53
"REACTOME_SCAVENGING_OF_HEME_FROM_PLASMA","REACTOME_SCAVENGING_OF_HEME_FROM_PLASMA","53/1221","68/10623",0.779411764705882,6.78107385460327,17.2339453821839,4.60092923439144e-37,8.67275160682787e-35,7.07897357642332e-35,"28908/28299/28914/28940/28913/28938/28937/28912/28921/28919/28933/28930/28893/28896/28881/28883/28874/28901/28903/3512/3494/3493/28474/28457/28452/28450/28449/28442/28439/28434/28395/28394/28465/28424/28420/28392/28461/28778/28820/28822/28823/28825/28793/28813/28796/28797/28815/28816/28817/28809/3538/3539/8542",53
"REACTOME_ROLE_OF_PHOSPHOLIPIDS_IN_PHAGOCYTOSIS","REACTOME_ROLE_OF_PHOSPHOLIPIDS_IN_PHAGOCYTOSIS","57/1221","81/10623",0.703703703703704,6.12239512239512,16.6765010775656,1.26775728933122e-35,2.04833356319088e-33,1.67191450036614e-33,"2214/919/28908/28299/28914/28940/28913/28938/28937/28912/28921/28919/28933/28930/28893/28896/28881/28883/28874/28901/28903/3710/917/122618/3503/3501/3500/28474/28457/28452/28450/28449/28442/28439/28434/28395/28394/28465/28424/28420/28392/28461/28778/28820/28822/28823/28825/28793/28813/28796/28797/28815/28816/28817/28809/3538/3539",57
"REACTOME_INITIAL_TRIGGERING_OF_COMPLEMENT","REACTOME_INITIAL_TRIGGERING_OF_COMPLEMENT","55/1221","76/10623",0.723684210526316,6.29623044096728,16.697830698882,1.8497432517254e-35,2.61507452212678e-33,2.13450635758312e-33,"713/28908/28299/28914/28940/28913/28938/28937/28912/28921/28919/28933/28930/28893/28896/28881/28883/28874/28901/28903/717/629/3503/3501/3500/28474/28457/28452/28450/28449/28442/28439/28434/28395/28394/28465/28424/28420/28392/28461/28778/28820/28822/28823/28825/28793/28813/28796/28797/28815/28816/28817/28809/3538/3539",55
"REACTOME_CELL_SURFACE_INTERACTIONS_AT_THE_VASCULAR_WALL","REACTOME_CELL_SURFACE_INTERACTIONS_AT_THE_VASCULAR_WALL","83/1221","174/10623",0.477011494252874,4.15011720184134,15.0978403577083,3.35739399961262e-33,4.21912512617986e-31,3.44378308498277e-31,"3932/6566/965/962/51744/6382/28908/28299/28914/28940/28913/28938/28937/28912/28921/28919/28933/28930/28893/28896/28881/28883/28874/28901/28903/3676/2335/3635/3512/972/54210/1278/8797/4312/120425/4973/6404/9056/3494/3493/3507/28474/28457/28452/28450/28449/28442/28439/28434/28395/28394/28465/28424/28420/28392/28461/6693/3683/3687/3690/3675/1277/9123/1048/4680/634/55423/3689/28778/28820/28822/28823/28825/28793/28813/28796/28797/28815/28816/28817/28809/3538/3539",83
"REACTOME_BINDING_AND_UPTAKE_OF_LIGANDS_BY_SCAVENGER_RECEPTORS","REACTOME_BINDING_AND_UPTAKE_OF_LIGANDS_BY_SCAVENGER_RECEPTORS","60/1221","99/10623",0.606060606060606,5.27287618196709,15.3921165366813,7.25515649883033e-32,8.2055820001771e-30,6.69765499944653e-30,"5052/28908/28299/28914/28940/28913/28938/28937/28912/28921/28919/28933/28930/28893/28896/28881/28883/28874/28901/28903/8685/1281/3512/6678/1278/3494/3493/28474/28457/28452/28450/28449/28442/28439/28434/28395/28394/28465/28424/28420/28392/28461/1277/348/28778/28820/28822/28823/28825/28793/28813/28796/28797/28815/28816/28817/28809/3538/3539/8542",60
"REACTOME_FCGR3A_MEDIATED_IL10_SYNTHESIS","REACTOME_FCGR3A_MEDIATED_IL10_SYNTHESIS","57/1221","92/10623",0.619565217391304,5.39036961863049,15.2409152727066,4.62100740736258e-31,4.75123579793371e-29,3.87810860885836e-29,"2214/919/28908/28299/28914/28940/28913/28938/28937/28912/28921/28919/28933/28930/28893/28896/28881/28883/28874/28901/28903/3710/917/3503/3501/3500/28474/28457/28452/28450/28449/28442/28439/28434/28395/28394/28465/28424/28420/28392/28461/3055/28778/28820/28822/28823/28825/28793/28813/28796/28797/28815/28816/28817/28809/3538/3539",57
"REACTOME_PARASITE_INFECTION","REACTOME_PARASITE_INFECTION","64/1221","115/10623",0.556521739130435,4.84187586796283,14.9273623048247,7.27745343829424e-31,6.85899986559232e-29,5.59853216261758e-29,"2214/919/10092/28908/28299/28914/28940/28913/28938/28937/28912/28921/28919/28933/28930/28893/28896/28881/28883/28874/28901/28903/7456/10109/60/10095/917/3071/3503/3501/3500/28474/28457/28452/28450/28449/28442/28439/28434/28395/28394/28465/28424/28420/28392/28461/7409/3055/28778/28820/28822/28823/28825/28793/28813/28796/28797/28815/28816/28817/28809/3538/3539/695",64
"REACTOME_ROLE_OF_LAT2_NTAL_LAB_ON_CALCIUM_MOBILIZATION","REACTOME_ROLE_OF_LAT2_NTAL_LAB_ON_CALCIUM_MOBILIZATION","49/1221","70/10623",0.7,6.09017199017199,15.3972926690359,1.33034220877003e-30,1.15739772162992e-28,9.44704548252076e-29,"28908/28299/28914/28940/28913/28938/28937/28912/28921/28919/28933/28930/28893/28896/28881/28883/28874/28901/28903/28474/28457/28452/28450/28449/28442/28439/28434/28395/28394/28465/28424/28420/28392/28461/28778/28820/28822/28823/28825/28793/28813/28796/28797/28815/28816/28817/28809/3538/3539",49
"REACTOME_FCERI_MEDIATED_CA_2_MOBILIZATION","REACTOME_FCERI_MEDIATED_CA_2_MOBILIZATION","54/1221","85/10623",0.635294117647059,5.52721491545021,15.1012304323328,2.7080207957547e-30,2.18769394285612e-28,1.78566484050893e-28,"28908/28299/28914/28940/28913/28938/28937/28912/28921/28919/28933/28930/28893/28896/28881/28883/28874/28901/28903/3937/3710/28474/28457/28452/28450/28449/28442/28439/28434/28395/28394/28465/28424/28420/28392/28461/27040/7409/28778/28820/28822/28823/28825/28793/28813/28796/28797/28815/28816/28817/28809/3538/3539/695",54
"REACTOME_COMPLEMENT_CASCADE","REACTOME_COMPLEMENT_CASCADE","59/1221","103/10623",0.572815533980582,4.98363588654851,14.6400053552739,1.81145731808808e-29,1.36583881783841e-27,1.11484074944789e-27,"713/725/1604/28908/28299/28914/28940/28913/28938/28937/28912/28921/28919/28933/28930/28893/28896/28881/28883/28874/28901/28903/717/629/733/3503/3501/3500/28474/28457/28452/28450/28449/28442/28439/28434/28395/28394/28465/28424/28420/28392/28461/930/28778/28820/28822/28823/28825/28793/28813/28796/28797/28815/28816/28817/28809/3538/3539",59
"REACTOME_FCERI_MEDIATED_MAPK_ACTIVATION","REACTOME_FCERI_MEDIATED_MAPK_ACTIVATION","52/1221","86/10623",0.604651162790698,5.26061367921833,14.2959740139711,1.07269610007907e-27,7.58262055743395e-26,6.18917420900886e-26,"28908/28299/28914/28940/28913/28938/28937/28912/28921/28919/28933/28930/28893/28896/28881/28883/28874/28901/28903/3937/28474/28457/28452/28450/28449/28442/28439/28434/28395/28394/28465/28424/28420/28392/28461/27040/7409/28778/28820/28822/28823/28825/28793/28813/28796/28797/28815/28816/28817/28809/3538/3539",52
"REACTOME_FCGAMMA_RECEPTOR_FCGR_DEPENDENT_PHAGOCYTOSIS","REACTOME_FCGAMMA_RECEPTOR_FCGR_DEPENDENT_PHAGOCYTOSIS","67/1221","142/10623",0.471830985915493,4.10504550645396,13.423372380734,1.23967892287625e-26,8.24751095160614e-25,6.73187873289458e-25,"2214/919/10092/28908/28299/28914/28940/28913/28938/28937/28912/28921/28919/28933/28930/28893/28896/28881/28883/28874/28901/28903/7456/10109/3710/60/10095/1072/917/3071/122618/3503/3501/3500/28474/28457/28452/28450/28449/28442/28439/28434/28395/28394/28465/28424/28420/28392/28461/7409/3055/28778/28820/28822/28823/28825/28793/28813/28796/28797/28815/28816/28817/28809/3538/3539/695",67
"HALLMARK_ALLOGRAFT_REJECTION","HALLMARK_ALLOGRAFT_REJECTION","76/1221","186/10623",0.408602150537634,3.5549391033262,12.6677662405877,4.45502143562198e-25,2.79923846871581e-23,2.28482678306461e-23,"3932/8915/2634/1520/912/919/5788/822/7535/3553/4065/940/1234/10225/941/942/10333/2069/4283/10563/2533/3001/2149/972/3937/3662/9450/3105/7124/4050/717/3122/3117/3112/6891/6890/3109/3108/3624/43/3574/1029/6363/2650/3559/355/3606/916/915/917/7070/56253/3002/8477/567/3603/8651/10261/3683/6367/3394/6357/924/3383/3594/11184/973/4318/23308/3689/3976/4689/3560/7076/3561/2000",76
"REACTOME_ANTI_INFLAMMATORY_RESPONSE_FAVOURING_LEISHMANIA_PARASITE_INFECTION","REACTOME_ANTI_INFLAMMATORY_RESPONSE_FAVOURING_LEISHMANIA_PARASITE_INFECTION","59/1221","126/10623",0.468253968253968,4.07392457392457,12.5082553302568,2.25401013614921e-23,1.34172919157092e-21,1.09516171158053e-21,"2214/919/28908/28299/28914/28940/28913/28938/28937/28912/28921/28919/28933/28930/28893/28896/28881/28883/28874/28901/28903/3710/917/3503/3501/3500/28474/28457/28452/28450/28449/28442/28439/28434/28395/28394/28465/28424/28420/28392/28461/64174/136/3055/28778/28820/28822/28823/28825/28793/28813/28796/28797/28815/28816/28817/28809/3538/3539",59
"HALLMARK_INTERFERON_GAMMA_RESPONSE","HALLMARK_INTERFERON_GAMMA_RESPONSE","74/1221","199/10623",0.371859296482412,3.2352672453175,11.4706927784034,1.65092716508252e-21,9.33599311854164e-20,7.6203322304072e-20,"9636/5142/10964/10561/115361/57823/91543/57162/9111/7130/841/4615/942/54625/8743/952/4283/3627/55024/55601/3001/3659/972/3937/3662/3105/3106/629/3123/3117/5696/6890/5698/3108/10124/219285/3620/3574/4061/9830/5214/355/3433/3437/834/3587/969/3695/4940/4939/8638/94240/4860/3429/7127/567/5371/3669/8651/84166/3394/54739/3430/3959/6398/3383/684/10437/81030/4600/4599/11274/80830/3560",74
"REACTOME_LEISHMANIA_INFECTION","REACTOME_LEISHMANIA_INFECTION","76/1221","211/10623",0.360189573459716,3.13373778776622,11.2814793687079,4.39157878145932e-21,2.36517885801452e-19,1.93053362974427e-19,"2214/919/10092/28908/28299/28914/28940/28913/28938/28937/28912/28921/28919/28933/28930/28893/28896/28881/28883/28874/28901/28903/3552/3553/7456/10109/3710/4907/60/10095/7295/834/3606/917/3071/3503/3501/3500/28474/28457/28452/28450/28449/28442/28439/28434/28395/28394/28465/28424/28420/28392/28461/9051/29108/64174/136/7409/3055/28778/28820/28822/28823/28825/28793/28813/28796/28797/28815/28816/28817/28809/3538/3539/3162/695",76
"REACTOME_SIGNALING_BY_THE_B_CELL_RECEPTOR_BCR","REACTOME_SIGNALING_BY_THE_B_CELL_RECEPTOR_BCR","62/1221","152/10623",0.407894736842105,3.54878443036338,11.405430351137,1.29004943333191e-20,6.63202685953816e-19,5.41326963173248e-19,"8915/28908/28299/28914/28940/28913/28938/28937/28912/28921/28919/28933/28930/28893/28896/28881/28883/28874/28901/28903/27071/3710/84433/640/3495/3507/28474/28457/28452/28450/28449/28442/28439/28434/28395/28394/28465/28424/28420/28392/28461/930/7409/933/973/28778/28820/28822/28823/28825/28793/28813/28796/28797/28815/28816/28817/28809/3538/3539/30011/695",62
"HALLMARK_INFLAMMATORY_RESPONSE","HALLMARK_INFLAMMATORY_RESPONSE","69/1221","196/10623",0.352040816326531,3.06284159855588,10.5042509018486,1.27624466971524e-18,6.27579444107797e-17,5.12250148897145e-17,"3604/7133/5724/3932/5142/2152/6504/962/5996/1604/4084/8809/3552/3553/8685/9111/7130/6364/3656/3269/9034/9435/8743/5099/3576/2069/4283/3627/3575/3659/1839/3937/7162/6098/196/3624/6369/4233/3037/4061/9966/5791/8519/5029/3606/3587/969/4973/4323/29933/64127/6367/6361/23533/136/1236/3690/3759/2769/8744/3383/684/5329/23308/3976/5008/3560/4693/7076",69
"REACTOME_POTENTIAL_THERAPEUTICS_FOR_SARS","REACTOME_POTENTIAL_THERAPEUTICS_FOR_SARS","58/1221","150/10623",0.386666666666667,3.364095004095,10.5081402374099,4.79353084274923e-18,2.25895140964558e-16,1.84382743381188e-16,"28908/28299/28914/28940/28913/28938/28937/28912/28921/28919/28933/28930/28893/28896/28881/28883/28874/28901/28903/3676/3495/3507/28474/28457/28452/28450/28449/28442/28439/28434/28395/28394/28465/28424/28420/28392/28461/7409/5349/973/81030/28778/28820/28822/28823/28825/28793/28813/28796/28797/28815/28816/28817/28809/3538/3539/30011/695",58
"REACTOME_FCERI_MEDIATED_NF_KB_ACTIVATION","REACTOME_FCERI_MEDIATED_NF_KB_ACTIVATION","51/1221","122/10623",0.418032786885246,3.63698795666009,10.556588417622,1.00483610418551e-17,4.54587853533524e-16,3.71048952998186e-16,"8915/28908/28299/28914/28940/28913/28938/28937/28912/28921/28919/28933/28930/28893/28896/28881/28883/28874/28901/28903/84433/28474/28457/28452/28450/28449/28442/28439/28434/28395/28394/28465/28424/28420/28392/28461/28778/28820/28822/28823/28825/28793/28813/28796/28797/28815/28816/28817/28809/3538/3539",51
"REACTOME_DNA_METHYLATION","REACTOME_DNA_METHYLATION","31/1221","61/10623",0.508196721311475,4.42143633946913,9.65719846720342,3.91866118332703e-14,1.70461761474726e-12,1.3913626954566e-12,"653604/126961/8337/333932/128312/8359/8358/8335/3018/8352/8344/8339/3012/8361/8968/8345/8355/8346/8970/8294/8340/8357/8331/8342/8363/8362/8354/8368/8356/8348/29128",31
"REACTOME_ASSEMBLY_OF_THE_ORC_COMPLEX_AT_THE_ORIGIN_OF_REPLICATION","REACTOME_ASSEMBLY_OF_THE_ORC_COMPLEX_AT_THE_ORIGIN_OF_REPLICATION","32/1221","66/10623",0.484848484848485,4.21830094557367,9.45103163635255,8.35371493653429e-14,3.49927836785936e-12,2.85622144223804e-12,"4998/653604/126961/8337/333932/128312/8359/8358/8335/3018/8352/8344/8339/3012/8361/8968/8345/8355/8346/8970/8294/8340/8357/8331/8342/8363/8362/8354/8368/8356/8348/23594",32
"REACTOME_CONDENSATION_OF_PROPHASE_CHROMOSOMES","REACTOME_CONDENSATION_OF_PROPHASE_CHROMOSOMES","33/1221","70/10623",0.471428571428571,4.1015444015444,9.38188080261217,9.48428013934977e-14,3.83097172771592e-12,3.12696003090592e-12,"653604/126961/8337/333932/128312/891/8359/8358/8335/3018/8352/8344/8339/3012/8361/8968/8345/8355/8346/8970/8294/8340/8357/8331/8342/8363/8362/8354/8368/8356/8348/983/5347",33
"REACTOME_FC_EPSILON_RECEPTOR_FCERI_SIGNALING","REACTOME_FC_EPSILON_RECEPTOR_FCERI_SIGNALING","56/1221","172/10623",0.325581395348837,2.83263813496372,8.73198289159879,1.11560422500177e-13,4.35085647750688e-12,3.55130637142123e-12,"8915/28908/28299/28914/28940/28913/28938/28937/28912/28921/28919/28933/28930/28893/28896/28881/28883/28874/28901/28903/3937/3710/84433/28474/28457/28452/28450/28449/28442/28439/28434/28395/28394/28465/28424/28420/28392/28461/27040/7409/28778/28820/28822/28823/28825/28793/28813/28796/28797/28815/28816/28817/28809/3538/3539/695",56
"REACTOME_ACTIVATED_PKN1_STIMULATES_TRANSCRIPTION_OF_AR_ANDROGEN_RECEPTOR_REGULATED_GENES_KLK2_AND_KLK3","REACTOME_ACTIVATED_PKN1_STIMULATES_TRANSCRIPTION_OF_AR_ANDROGEN_RECEPTOR_REGULATED_GENES_KLK2_AND_KLK3","30/1221","62/10623",0.483870967741935,4.2097963065705,9.13422391245553,5.37366681718564e-13,2.02587239007899e-11,1.65358098199011e-11,"653604/126961/8337/333932/128312/8359/8358/8335/3018/8352/8344/8339/3012/8361/8968/8345/8355/8346/8970/8294/8340/8357/8331/8342/8363/8362/8354/8368/8356/8348",30
"REACTOME_CHROMATIN_MODIFICATIONS_DURING_THE_MATERNAL_TO_ZYGOTIC_TRANSITION_MZT","REACTOME_CHROMATIN_MODIFICATIONS_DURING_THE_MATERNAL_TO_ZYGOTIC_TRANSITION_MZT","31/1221","66/10623",0.46969696969697,4.0864790410245,9.06391650593815,6.06856311437751e-13,2.21404673624547e-11,1.80717482217626e-11,"653604/126961/8337/333932/128312/8359/8358/8335/3018/8352/8344/8339/3012/8361/8968/8345/8355/8346/8970/8294/8340/8357/8331/8342/8363/8362/8354/8368/8356/8348/29128",31
"HALLMARK_INTERFERON_ALPHA_RESPONSE","HALLMARK_INTERFERON_ALPHA_RESPONSE","38/1221","97/10623",0.391752577319588,3.40834367638491,8.5866449037458,1.74675127429258e-12,6.17367403507782e-11,5.03914759064009e-11,"9636/10964/10561/2634/115361/91543/9111/841/9034/54625/3627/55601/3659/972/5696/6890/5698/54809/219285/3574/4061/9830/3433/3437/8519/834/4938/8638/94240/3429/567/3669/3430/3959/684/10437/4599/11274",38
"REACTOME_SIRT1_NEGATIVELY_REGULATES_RRNA_EXPRESSION","REACTOME_SIRT1_NEGATIVELY_REGULATES_RRNA_EXPRESSION","30/1221","65/10623",0.461538461538462,4.01549801549802,8.78771075034483,2.54004014378008e-12,8.70541031095537e-11,7.10563064145177e-11,"653604/126961/8337/333932/128312/8359/8358/8335/3018/8352/8344/8339/3012/8361/8968/8345/8355/8346/8970/8294/8340/8357/8331/8342/8363/8362/8354/8368/8356/8348",30
"REACTOME_RHO_GTPASE_EFFECTORS","REACTOME_RHO_GTPASE_EFFECTORS","79/1221","311/10623",0.254019292604502,2.21003025826177,7.80469309541309,3.52383465638114e-12,1.15630827869064e-10,9.43815310541847e-11,"2810/55143/991/11004/389/653604/126961/8337/333932/128239/83540/91687/4688/10092/9928/1063/128312/1058/699/7456/151246/10109/7277/151648/1062/4085/79682/64105/8359/8358/8335/3018/8352/8344/8339/3012/8361/8968/8345/8355/8346/8970/8294/8340/8357/8331/8342/8363/8362/8354/8368/8356/8348/60/653361/10095/11130/81930/1072/84790/3071/11113/701/57082/5347/10381/9212/752/332/10403/103910/220134/147841/4689/5880/79019/54821/2491/695",79
"REACTOME_TRANSCRIPTIONAL_REGULATION_OF_GRANULOPOIESIS","REACTOME_TRANSCRIPTIONAL_REGULATION_OF_GRANULOPOIESIS","35/1221","86/10623",0.406976744186047,3.54079766870465,8.52533934811566,3.57831916482513e-12,1.15630827869064e-10,9.43815310541847e-11,"653604/126961/8337/333932/128312/51176/8359/8358/8335/3018/8352/8344/8339/3012/8361/8968/8345/8355/8346/8970/8294/8340/8357/8331/8342/8363/8362/8354/8368/8356/8348/4602/688/5371/861",35
"HALLMARK_G2M_CHECKPOINT","HALLMARK_G2M_CHECKPOINT","58/1221","198/10623",0.292929292929293,2.54855682128409,7.9263376005884,6.0971183450239e-12,1.91551134672834e-10,1.56350081537601e-10,"1870/991/11004/8438/6491/1163/4751/1063/9156/1058/699/56992/10721/10460/1062/4085/890/10733/1946/6558/9232/3161/3159/7272/55872/6713/1164/983/9585/3832/4288/1111/10024/29127/9700/675/1033/57082/51203/9133/9493/5371/899/5347/23594/9212/990/7153/3838/51155/332/10403/994/22974/11065/6790/8318/24137",58
"REACTOME_HDACS_DEACETYLATE_HISTONES","REACTOME_HDACS_DEACETYLATE_HISTONES","36/1221","92/10623",0.391304347826087,3.40444396966136,8.34688875945036,7.00254051044106e-12,2.14050630197536e-10,1.74714879876438e-10,"653604/126961/8337/333932/92815/128312/8359/8358/8335/3018/8352/8344/8339/3012/8361/8968/8345/8355/8346/8970/8969/8294/85235/8340/8329/8357/8331/8342/8363/8362/8332/8354/8368/8356/8336/8348",36
"HALLMARK_EPITHELIAL_MESENCHYMAL_TRANSITION","HALLMARK_EPITHELIAL_MESENCHYMAL_TRANSITION","58/1221","199/10623",0.291457286432161,2.53575000308669,7.88098895411374,7.66817512378184e-12,2.28229106973612e-10,1.86287800098523e-10,"1307/1296/1301/1893/3918/4148/6382/822/2191/7456/1281/1290/2335/5270/1294/3693/131578/3576/374/10409/3673/1462/10085/2201/7045/1809/6678/1303/4907/7058/3624/3486/1278/115908/4982/1289/22943/59/355/8038/871/4312/4314/7070/50863/2026/10631/4323/1009/3690/1277/3909/7171/5329/7052/3956/7076/6535",58
"REACTOME_REGULATION_OF_ENDOGENOUS_RETROELEMENTS_BY_THE_HUMAN_SILENCING_HUB_HUSH_COMPLEX","REACTOME_REGULATION_OF_ENDOGENOUS_RETROELEMENTS_BY_THE_HUMAN_SILENCING_HUB_HUSH_COMPLEX","30/1221","68/10623",0.441176470588235,3.83834369128487,8.46137956056724,1.06884124764090e-11,3.09963961815862e-10,2.5300236820002e-10,"653604/126961/8337/333932/128312/8359/8358/8335/3018/8352/8344/8339/3012/8361/8968/8345/8355/8346/8970/8294/8340/8357/8331/8342/8363/8362/8354/8368/8356/8348",30
"REACTOME_DEFECTIVE_PYROPTOSIS","REACTOME_DEFECTIVE_PYROPTOSIS","30/1221","70/10623",0.428571428571429,3.72867672867673,8.25399107765774,2.62973437863835e-11,7.25421849326824e-10,5.92112207975824e-10,"653604/126961/8337/333932/128312/8359/8358/8335/3018/8352/8344/8339/3012/8361/8968/8345/8355/8346/8970/8294/8340/8357/8331/8342/8363/8362/8354/8368/8356/8348",30
"REACTOME_DEPOSITION_OF_NEW_CENPA_CONTAINING_NUCLEOSOMES_AT_THE_CENTROMERE","REACTOME_DEPOSITION_OF_NEW_CENPA_CONTAINING_NUCLEOSOMES_AT_THE_CENTROMERE","30/1221","70/10623",0.428571428571429,3.72867672867673,8.25399107765774,2.62973437863835e-11,7.25421849326824e-10,5.92112207975824e-10,"8337/91687/128312/1058/55355/79682/64105/8359/8335/3018/8344/8339/3012/8361/8345/8346/8970/8294/8340/8331/8342/8363/8362/8368/8348/387103/57082/11339/79019/2491",30
"REACTOME_MEIOTIC_RECOMBINATION","REACTOME_MEIOTIC_RECOMBINATION","33/1221","83/10623",0.397590361445783,3.45913383262781,8.104976550664,3.16581960092651e-11,8.5250999253521e-10,6.95845561406654e-10,"653604/126961/8337/333932/128312/84057/8359/8358/8335/3018/8352/8344/8339/3012/8361/8968/8345/8355/8346/8970/8294/8340/8357/8331/8342/8363/8362/8354/8368/8356/8348/675/641",33
"HALLMARK_KRAS_SIGNALING_UP","HALLMARK_KRAS_SIGNALING_UP","56/1221","196/10623",0.285714285714286,2.48578448578449,7.56580293691978,4.20630793695172e-11,1.10635680853312e-09,9.03043344114238e-10,"7133/7805/10103/1520/7139/5284/28951/7851/3553/7852/6364/2069/3627/3575/3673/2745/1437/1839/1794/3018/629/5696/639/3624/3486/10320/28959/55365/80380/7185/80201/5328/101/10083/55107/330/3587/10205/5801/1848/3936/30001/26499/3394/3728/11184/5329/3783/6590/4318/51012/3689/4320/3976/1438/3561",56
"REACTOME_PRC2_METHYLATES_HISTONES_AND_DNA","REACTOME_PRC2_METHYLATES_HISTONES_AND_DNA","30/1221","72/10623",0.416666666666667,3.62510237510237,8.05409112012349,6.20387729449915e-11,1.59467845910876e-09,1.30162688690808e-09,"653604/126961/8337/333932/128312/8359/8358/8335/3018/8352/8344/8339/3012/8361/8968/8345/8355/8346/8970/8294/8340/8357/8331/8342/8363/8362/8354/8368/8356/8348",30
"REACTOME_EXTRACELLULAR_MATRIX_ORGANIZATION","REACTOME_EXTRACELLULAR_MATRIX_ORGANIZATION","75/1221","305/10623",0.245901639344262,2.13940468038829,7.27580438243278,6.76841331285442e-11,1.70112787929741e-09,1.38851426324522e-09,"1307/1296/255631/1301/1520/1513/63827/3918/3914/388743/10753/7837/4148/6382/3694/3676/1281/1290/2335/1294/1295/3693/3673/1462/1404/2201/6678/8728/91522/1303/3910/1300/60/1278/1508/8754/169044/1515/1289/140766/5033/59/1308/8038/101/871/726/4312/4314/4321/4322/3695/4323/652/22801/176/3683/3687/3681/84290/3690/3675/1277/3691/3909/3383/7087/4680/634/4318/3689/4320/7076/1821/1287",75
"REACTOME_ERCC6_CSB_AND_EHMT2_G9A_POSITIVELY_REGULATE_RRNA_EXPRESSION","REACTOME_ERCC6_CSB_AND_EHMT2_G9A_POSITIVELY_REGULATE_RRNA_EXPRESSION","30/1221","73/10623",0.410958904109589,3.57544343845714,7.95679325500137,9.38903935074937e-11,2.30847902297773e-09,1.88425343492156e-09,"653604/126961/8337/333932/128312/8359/8358/8335/3018/8352/8344/8339/3012/8361/8968/8345/8355/8346/8970/8294/8340/8357/8331/8342/8363/8362/8354/8368/8356/8348",30
"REACTOME_INTERFERON_ALPHA_BETA_SIGNALING","REACTOME_INTERFERON_ALPHA_BETA_SIGNALING","28/1221","65/10623",0.430769230769231,3.74779814779815,8.00758455123556,1.04611747483191e-10,2.51735928518061e-09,2.05474809726222e-09,"9636/2537/2634/91543/3659/3662/3134/3136/3105/3106/5696/3433/3437/8519/4938/4940/4939/8638/3429/3669/8651/3394/54739/3430/684/4600/4599/11274",28
"REACTOME_TRANSCRIPTIONAL_REGULATION_BY_SMALL_RNAS","REACTOME_TRANSCRIPTIONAL_REGULATION_BY_SMALL_RNAS","30/1221","74/10623",0.405405405405405,3.52712663523474,7.86118606994449,1.40769432994022e-10,3.31687976492163e-09,2.70734194595958e-09,"653604/126961/8337/333932/128312/8359/8358/8335/3018/8352/8344/8339/3012/8361/8968/8345/8355/8346/8970/8294/8340/8357/8331/8342/8363/8362/8354/8368/8356/8348",30
"REACTOME_DISEASES_OF_PROGRAMMED_CELL_DEATH","REACTOME_DISEASES_OF_PROGRAMMED_CELL_DEATH","36/1221","102/10623",0.352941176470588,3.07067495302789,7.57241423032053,2.2348515581928e-10,5.15840227003276e-09,4.21045073369513e-09,"5052/653604/126961/8337/333932/128312/841/8359/8358/8335/3018/8352/8344/8339/3012/8361/8968/8345/8355/8346/8970/8294/8340/8357/8331/8342/8363/8362/8354/8368/8356/8348/1029/11035/84290/994",36
"REACTOME_RHO_GTPASES_ACTIVATE_PKNS","REACTOME_RHO_GTPASES_ACTIVATE_PKNS","33/1221","89/10623",0.370786516853933,3.22593379896751,7.59908753654313,2.84126873236698e-10,6.42694987261411e-09,5.24587932270703e-09,"2810/389/653604/126961/8337/333932/128312/8359/8358/8335/3018/8352/8344/8339/3012/8361/8968/8345/8355/8346/8970/8294/8340/8357/8331/8342/8363/8362/8354/8368/8356/8348/103910",33
"REACTOME_INTERFERON_GAMMA_SIGNALING","REACTOME_INTERFERON_GAMMA_SIGNALING","34/1221","94/10623",0.361702127659574,3.14689738093993,7.53411955014002,3.32264784325224e-10,7.36846021709467e-09,6.01436978025225e-09,"5724/2635/2633/2634/115361/115362/80128/3659/3662/3134/3136/3105/11074/10107/3106/3122/3127/3123/3117/3118/3120/9830/10346/23650/4938/4940/4939/8638/567/5371/8651/3394/3383/10437",34
"REACTOME_AMYLOID_FIBER_FORMATION","REACTOME_AMYLOID_FIBER_FORMATION","36/1221","105/10623",0.342857142857143,2.98294138294138,7.35849162198335,5.66077436328833e-10,1.23121842401521e-08,1.00495933534491e-08,"653604/126961/8337/333932/128312/10098/7045/8359/8358/8335/3018/8352/8344/8339/3012/8361/8968/8345/8355/8346/8970/8294/8340/8357/8331/8342/8363/8362/8354/8368/8356/8348/23555/4069/567/348",36
"REACTOME_FORMATION_OF_THE_BETA_CATENIN_TCF_TRANSACTIVATING_COMPLEX","REACTOME_FORMATION_OF_THE_BETA_CATENIN_TCF_TRANSACTIVATING_COMPLEX","32/1221","89/10623",0.359550561797753,3.12817822930182,7.26536102076862,1.30965644248026e-09,2.79475742725504e-08,2.28116921560117e-08,"864/653604/126961/8337/333932/128312/51176/8359/8358/8335/3018/8352/8344/8339/3012/8361/8968/8345/8355/8346/8970/8294/8340/8357/8331/8342/8363/8362/8354/8368/8356/8348",32
"REACTOME_INTERLEUKIN_10_SIGNALING","REACTOME_INTERLEUKIN_10_SIGNALING","21/1221","43/10623",0.488372093023256,4.24895720244557,7.69283188276269,1.3649216190671e-09,2.82114599797846e-08,2.3027083998577e-08,"7133/5724/7850/3552/3553/3557/6364/1234/941/942/3576/3627/1437/7124/6363/3606/3587/6367/3383/3976/7076",21
"REACTOME_SENESCENCE_ASSOCIATED_SECRETORY_PHENOTYPE_SASP","REACTOME_SENESCENCE_ASSOCIATED_SECRETORY_PHENOTYPE_SASP","36/1221","108/10623",0.333333333333333,2.9000819000819,7.152047946644,1.37191007859253e-09,2.82114599797846e-08,2.3027083998577e-08,"653604/126961/8337/333932/128312/3552/3576/890/8359/8358/8335/3018/8352/8344/8339/3012/8361/8968/8345/8355/8346/8970/8294/8340/8357/8331/8342/8363/8362/8354/8368/8356/8348/1029/1030/11065",36
"REACTOME_ASSEMBLY_OF_COLLAGEN_FIBRILS_AND_OTHER_MULTIMERIC_STRUCTURES","REACTOME_ASSEMBLY_OF_COLLAGEN_FIBRILS_AND_OTHER_MULTIMERIC_STRUCTURES","25/1221","59/10623",0.423728813559322,3.6865447882397,7.45687309099236,1.60299348491103e-09,3.2374743418471e-08,2.64252873358454e-08,"1296/255631/1301/1520/3918/3914/7837/1281/1290/1294/1295/1303/1300/1278/1508/1515/1289/1308/4314/4322/1277/3691/3909/4318/1287",25
"REACTOME_COLLAGEN_FORMATION","REACTOME_COLLAGEN_FORMATION","31/1221","87/10623",0.35632183908046,3.10008754836341,7.08777630358978,3.05533046138733e-09,6.06241886285801e-08,4.94833760782398e-08,"1307/1296/255631/1301/1520/3918/3914/7837/1281/1290/1294/1295/91522/1303/1300/1278/1508/169044/1515/1289/140766/5033/1308/871/4314/4322/1277/3691/3909/4318/1287",31
"REACTOME_HCMV_EARLY_EVENTS","REACTOME_HCMV_EARLY_EVENTS","40/1221","131/10623",0.305343511450382,2.65656357259411,6.87488552526376,3.15694998559405e-09,6.1560524719084e-08,5.02476431463881e-08,"653604/126961/8337/333932/92815/128312/7277/8359/8358/8335/3018/8352/8344/8339/3012/8361/8968/8345/8355/8346/8970/8969/8294/85235/8340/8329/8357/8331/8342/8363/8362/8332/8354/8368/8356/8336/8348/84790/5371/10381",40
"REACTOME_COLLAGEN_DEGRADATION","REACTOME_COLLAGEN_DEGRADATION","25/1221","61/10623",0.409836065573771,3.56567446731381,7.24176196039654,3.70435611338625e-09,7.10106231227093e-08,5.79611117116814e-08,"1307/1296/1301/1513/1281/1290/1294/1295/91522/1303/1300/1278/1508/8754/1289/1308/4312/4314/4321/4322/4323/1277/4318/4320/1287",25
"REACTOME_REGULATION_OF_CDH1_GENE_TRANSCRIPTION","REACTOME_REGULATION_OF_CDH1_GENE_TRANSCRIPTION","34/1221","102/10623",0.333333333333333,2.9000819000819,6.94855906665368,3.92750177050452e-09,7.40334083740102e-08,6.04284044339029e-08,"653604/126961/8337/333932/128312/94234/7020/8359/8358/8335/3018/8352/8344/8339/3012/8361/8968/8345/8355/8346/8970/8294/8340/8357/8331/8342/8363/8362/8354/8368/8356/8348/7291/5315",34
"REACTOME_B_WICH_COMPLEX_POSITIVELY_REGULATES_RRNA_EXPRESSION","REACTOME_B_WICH_COMPLEX_POSITIVELY_REGULATES_RRNA_EXPRESSION","31/1221","88/10623",0.352272727272727,3.06485928076837,7.00915046760943,4.20526934387387e-09,7.79698299659237e-08,6.36414359719997e-08,"653604/126961/8337/333932/128312/8359/8358/8335/3018/8352/8344/8339/3012/8361/8968/8345/8355/8346/8970/8294/8340/8357/8331/8342/8363/8362/8354/8368/8356/8348/60",31
"REACTOME_REGULATION_OF_ENDOGENOUS_RETROELEMENTS_BY_PIWI_INTERACTING_RNAS_PIRNAS","REACTOME_REGULATION_OF_ENDOGENOUS_RETROELEMENTS_BY_PIWI_INTERACTING_RNAS_PIRNAS","32/1221","93/10623",0.344086021505376,2.9936329291168,6.95862357555429,4.62744000470272e-09,8.44134620212706e-08,6.89009318187485e-08,"90853/653604/126961/8337/333932/128312/8359/8358/8335/3018/8352/8344/8339/3012/8361/8968/8345/8355/8346/8970/8294/8340/8357/8331/8342/8363/8362/8354/8368/8356/8348/60",32
"REACTOME_DEGRADATION_OF_THE_EXTRACELLULAR_MATRIX","REACTOME_DEGRADATION_OF_THE_EXTRACELLULAR_MATRIX","40/1221","133/10623",0.300751879699248,2.6166152481942,6.76076132466241,5.14475393476206e-09,9.23605825431093e-08,7.53876224024448e-08,"1307/1296/1301/1520/1513/63827/3918/3914/388743/10753/1281/1290/2335/1294/1295/2201/91522/1303/1300/1278/1508/8754/1515/1289/1308/101/726/4312/4314/4321/4322/4323/176/84290/1277/3909/4318/4320/7076/1287",40
"REACTOME_HCMV_LATE_EVENTS","REACTOME_HCMV_LATE_EVENTS","36/1221","114/10623",0.315789473684211,2.74744601060391,6.7596833649132,7.14146043587081e-09,1.26202996140154e-07,1.03010868458202e-07,"653604/126961/8337/333932/92815/128312/8359/8358/8335/3018/8352/8344/8339/3012/8361/8968/8345/8355/8346/8970/8969/8294/85235/8340/8329/8357/8331/8342/8363/8362/8332/8354/8368/8356/8336/8348",36
"REACTOME_RUNX1_REGULATES_GENES_INVOLVED_IN_MEGAKARYOCYTE_DIFFERENTIATION_AND_PLATELET_FUNCTION","REACTOME_RUNX1_REGULATES_GENES_INVOLVED_IN_MEGAKARYOCYTE_DIFFERENTIATION_AND_PLATELET_FUNCTION","31/1221","92/10623",0.33695652173913,2.93160452943062,6.70545387534172,1.42251517062984e-08,2.47517639689592e-07,2.02031709253825e-07,"653604/126961/8337/333932/128312/8359/8358/8335/3018/8352/8344/8339/3012/8361/8968/8345/8355/8346/8970/8294/8340/8357/8331/8342/8363/8362/8354/8368/8356/8348/861",31
"REACTOME_RNA_POLYMERASE_I_PROMOTER_ESCAPE","REACTOME_RNA_POLYMERASE_I_PROMOTER_ESCAPE","30/1221","88/10623",0.340909090909091,2.96599285235649,6.67354906397472,1.78950655076545e-08,3.06656349835715e-07,2.50302590912487e-07,"653604/126961/8337/333932/128312/8359/8358/8335/3018/8352/8344/8339/3012/8361/8968/8345/8355/8346/8970/8294/8340/8357/8331/8342/8363/8362/8354/8368/8356/8348",30
"HALLMARK_E2F_TARGETS","HALLMARK_E2F_TARGETS","51/1221","200/10623",0.255,2.21856265356265,6.2692754234505,2.22345943821421e-08,3.72002408288656e-07,3.03640106165155e-07,"55143/991/11004/55635/1163/29089/6241/10460/1062/4085/10733/9319/9232/3161/3159/84296/1029/9833/1164/983/4288/79733/1111/10635/83461/29127/9700/11113/675/1033/9787/701/9133/5347/23594/9212/10615/7153/146909/3838/51155/332/147841/55723/898/994/9837/6790/11200/79019/24137",51
"HALLMARK_IL6_JAK_STAT3_SIGNALING","HALLMARK_IL6_JAK_STAT3_SIGNALING","29/1221","84/10623",0.345238095238095,3.00365625365625,6.64376120136563,2.23661925407857e-08,3.72002408288656e-07,3.03640106165155e-07,"7133/7850/8809/3553/3676/4615/952/2921/4283/3627/10563/1437/3659/7124/4050/578/27242/3574/3559/355/928/8651/23533/3690/3594/3162/1438/3561/3581",29
"REACTOME_REGULATION_OF_PD_L1_CD274_TRANSCRIPTION","REACTOME_REGULATION_OF_PD_L1_CD274_TRANSCRIPTION","32/1221","99/10623",0.323232323232323,2.81220063038245,6.52806262170992,2.6084222101231e-08,4.2755442313757e-07,3.48983413924937e-07,"653604/126961/8337/333932/128312/51176/3659/8359/8358/8335/3018/8352/8344/8339/3012/8361/8968/8345/8355/8346/8970/8294/8340/8357/8331/8342/8363/8362/8354/8368/8356/8348",32
"REACTOME_RECOGNITION_AND_ASSOCIATION_OF_DNA_GLYCOSYLASE_WITH_SITE_CONTAINING_AN_AFFECTED_PURINE","REACTOME_RECOGNITION_AND_ASSOCIATION_OF_DNA_GLYCOSYLASE_WITH_SITE_CONTAINING_AN_AFFECTED_PURINE","21/1221","52/10623",0.403846153846154,3.51356076356076,6.54762624683429,8.9511179643755e-08,1.44624491681553e-06,1.18047074507629e-06,"8337/128312/55247/8359/8335/3018/8344/8339/3012/8361/8345/8346/8970/8294/8340/8331/8342/8363/8362/8368/8348",21
"REACTOME_GENE_SILENCING_BY_RNA","REACTOME_GENE_SILENCING_BY_RNA","32/1221","104/10623",0.307692307692308,2.67699867699868,6.19317025367476,9.65758366891064e-08,1.53841227176591e-06,1.25570064901922e-06,"113802/653604/126961/8337/333932/128312/8359/8358/8335/3018/8352/8344/8339/3012/8361/8968/8345/8355/8346/8970/8294/8340/8357/8331/8342/8363/8362/8354/8368/8356/8348/54456",32
"REACTOME_DNA_DAMAGE_TELOMERE_STRESS_INDUCED_SENESCENCE","REACTOME_DNA_DAMAGE_TELOMERE_STRESS_INDUCED_SENESCENCE","26/1221","75/10623",0.346666666666667,3.01608517608518,6.31401056970242,1.08167216662569e-07,1.67585098692281e-06,1.36788246594193e-06,"8337/128312/890/8359/8335/3018/8344/8339/3012/3007/8361/8345/8346/8970/8294/8340/8331/8342/8363/8362/3009/8368/8348/3159/8091/898",26
"REACTOME_RMTS_METHYLATE_HISTONE_ARGININES","REACTOME_RMTS_METHYLATE_HISTONE_ARGININES","26/1221","75/10623",0.346666666666667,3.01608517608518,6.31401056970242,1.08167216662569e-07,1.67585098692281e-06,1.36788246594193e-06,"653604/126961/8337/333932/92815/8359/8358/8335/8352/3012/8361/8968/8355/8969/8294/85235/8329/8357/8331/8363/8362/8332/8354/8368/8356/8336",26
"REACTOME_MET_ACTIVATES_PTK2_SIGNALING","REACTOME_MET_ACTIVATES_PTK2_SIGNALING","15/1221","29/10623",0.517241379310345,4.50012708633398,6.80148406969118,1.20262061957856e-07,1.83805935235589e-06,1.50028205315846e-06,"255631/1301/3918/3914/1281/1290/2335/3673/3910/1278/4233/1289/3675/1277/3909",15
"REACTOME_GENERATION_OF_SECOND_MESSENGER_MOLECULES","REACTOME_GENERATION_OF_SECOND_MESSENGER_MOLECULES","16/1221","33/10623",0.484848484848485,4.21830094557367,6.67246800234235,1.45936525686475e-07,2.20072280735204e-06,1.7962994109058e-06,"3932/919/7535/2533/3937/3122/3127/3123/3117/3118/3120/916/915/917/27040/7408",16
"REACTOME_MEIOSIS","REACTOME_MEIOSIS","33/1221","111/10623",0.297297297297297,2.58655953250548,6.05516585361858,1.52056140670674e-07,2.26283546182279e-06,1.8469977197809e-06,"653604/126961/8337/333932/128312/84057/8359/8358/8335/3018/8352/8344/8339/3012/8361/8968/8345/8355/8346/8970/8294/8340/8357/8331/8342/8363/8362/8354/8368/8356/8348/675/641",33
"REACTOME_SIGNALING_BY_INTERLEUKINS","REACTOME_SIGNALING_BY_INTERLEUKINS","86/1221","432/10623",0.199074074074074,1.73199335699336,5.59746606673533,1.60527495859467e-07,2.35787789372802e-06,1.92457435227276e-06,"7133/5724/3932/653604/126961/333932/5778/6382/57162/7850/8809/3552/3553/3557/841/2335/6364/3635/3656/4615/1234/941/942/53833/3556/3576/3627/3575/85480/1437/84868/3662/8358/8352/8968/8355/8357/8354/8356/7124/6624/7291/1278/3574/6363/3934/3559/2625/1072/4312/4314/834/3606/3587/11213/1848/3936/10538/3503/3500/302/3603/8651/50615/654483/3687/64127/84166/6367/3965/332/7409/3383/3594/3055/4318/3689/11274/3976/5008/3162/3560/1438/7076/3561/3581",86
"HALLMARK_IL2_STAT5_SIGNALING","HALLMARK_IL2_STAT5_SIGNALING","48/1221","195/10623",0.246153846153846,2.14159894159894,5.79804002413511,1.84797176499919e-07,2.67474055348699e-06,2.18320765545916e-06,"8784/7293/3604/943/7133/115361/1893/962/4084/3099/822/7850/8809/1493/29851/1233/64866/942/8743/399/84525/3627/1437/81848/8728/3662/4050/27242/4907/10124/196/7185/3559/5033/3587/8600/4860/10538/8477/4643/8651/3394/990/898/8530/7052/3976/3560",48
"REACTOME_INTERFERON_SIGNALING","REACTOME_INTERFERON_SIGNALING","60/1221","267/10623",0.224719101123595,1.95511139331364,5.69592802191911,1.86829799934105e-07,2.67474055348699e-06,2.18320765545916e-06,"9636/2810/2537/5724/10964/10561/2635/2633/2634/115361/115362/80128/91543/7277/3659/3662/3134/3136/3105/11074/10107/3106/3122/3127/3123/3117/3118/3120/5696/60/402569/9830/983/3433/3437/8519/10346/834/23650/84790/4938/4940/4939/8638/3429/567/5371/3669/8651/3394/10381/54739/3430/3838/3383/684/10437/4600/4599/11274",60
"REACTOME_CELL_CYCLE_CHECKPOINTS","REACTOME_CELL_CYCLE_CHECKPOINTS","63/1221","286/10623",0.22027972027972,1.91648768921496,5.66191377410558,1.98474678883797e-07,2.80593577271968e-06,2.29029333396171e-06,"2810/63967/55143/991/11004/4998/83540/91687/1063/128312/9156/1058/699/151246/151648/1062/4085/890/79682/64105/891/8359/3018/8344/8339/8361/8345/8346/8970/8294/8340/8342/8363/8362/8368/8348/1029/55388/11130/983/81930/1111/701/57082/9133/641/5347/23594/9212/990/83990/332/10403/220134/147841/898/11065/8318/11200/79019/51512/54821/2491",63
"REACTOME_ACTIVATION_OF_ANTERIOR_HOX_GENES_IN_HINDBRAIN_DEVELOPMENT_DURING_EARLY_EMBRYOGENESIS","REACTOME_ACTIVATION_OF_ANTERIOR_HOX_GENES_IN_HINDBRAIN_DEVELOPMENT_DURING_EARLY_EMBRYOGENESIS","34/1221","118/10623",0.288135593220339,2.506850456003,5.93149250874629,2.27741151395886e-07,3.17994126208329e-06,2.59556841811815e-06,"653604/126961/8337/333932/128312/3232/8359/8358/8335/3018/8352/8344/8339/3012/8361/8968/8345/8355/8346/8970/8294/8340/8357/8331/8342/8363/8362/8354/8368/8356/8348/3200/3221/3213",34
"REACTOME_RUNX1_REGULATES_TRANSCRIPTION_OF_GENES_INVOLVED_IN_DIFFERENTIATION_OF_HSCS","REACTOME_RUNX1_REGULATES_TRANSCRIPTION_OF_GENES_INVOLVED_IN_DIFFERENTIATION_OF_HSCS","33/1221","113/10623",0.292035398230089,2.54077971777087,5.93375039653085,2.42040381252556e-07,3.33838623410537e-06,2.72489620485868e-06,"653604/126961/8337/333932/128312/8359/8358/8335/3018/8352/8344/8339/3012/8361/8968/8345/8355/8346/8970/8294/8340/8357/8331/8342/8363/8362/8354/8368/8356/8348/4602/2625/861",33
"REACTOME_POSITIVE_EPIGENETIC_REGULATION_OF_RRNA_EXPRESSION","REACTOME_POSITIVE_EPIGENETIC_REGULATION_OF_RRNA_EXPRESSION","31/1221","103/10623",0.300970873786408,2.61852055055939,5.94812131495788,2.6581008482192e-07,3.62206272209147e-06,2.95644190727741e-06,"653604/126961/8337/333932/128312/8359/8358/8335/3018/8352/8344/8339/3012/8361/8968/8345/8355/8346/8970/8294/8340/8357/8331/8342/8363/8362/8354/8368/8356/8348/60",31
"REACTOME_REPRODUCTION","REACTOME_REPRODUCTION","37/1221","135/10623",0.274074074074074,2.38451178451178,5.83402194839323,2.74404562074407e-07,3.69466142507326e-06,3.01569925989041e-06,"653604/126961/8337/333932/128312/7852/84057/8359/8358/8335/3018/8352/8344/8339/3012/8361/8968/8345/8355/8346/8970/8294/8340/8357/8331/8342/8363/8362/8354/8368/8356/8348/639/928/675/652/641",37
"HALLMARK_TNFA_SIGNALING_VIA_NFKB","HALLMARK_TNFA_SIGNALING_VIA_NFKB","48/1221","199/10623",0.241206030150754,2.09855172669243,5.63742406393271,3.54958934535912e-07,4.7230418230602e-06,3.85509579675536e-06,"3604/80149/5142/2152/51278/3914/5341/4084/1844/3552/3553/8942/7130/6364/9034/941/2921/374/3627/3575/1437/3659/1839/7124/6890/3624/7185/11182/5209/5328/3433/5791/7262/10938/330/3606/969/4973/7127/597/9120/5271/8744/3383/5329/2114/23308/3976",48
"REACTOME_INTEGRIN_CELL_SURFACE_INTERACTIONS","REACTOME_INTEGRIN_CELL_SURFACE_INTERACTIONS","27/1221","84/10623",0.321428571428571,2.79650754650755,5.95689361070168,3.60764899298824e-07,4.74447791984849e-06,3.87259261548432e-06,"1307/1296/3694/3676/1281/1290/2335/1294/1295/3693/3673/91522/1300/1278/1289/3695/22801/3683/3687/3681/3690/3675/1277/3383/7087/3689/1287",27
"REACTOME_PRE_NOTCH_EXPRESSION_AND_PROCESSING","REACTOME_PRE_NOTCH_EXPRESSION_AND_PROCESSING","32/1221","110/10623",0.290909090909091,2.5309805673442,5.81639035649995,4.04627343506336e-07,5.26015546558236e-06,4.29350490326747e-06,"653604/126961/8337/333932/128312/8359/8358/8335/3018/8352/8344/8339/3012/8361/8968/8345/8355/8346/8970/8294/8340/8357/8331/8342/8363/8362/8354/8368/8356/8348/861/4242",32
"REACTOME_OXIDATIVE_STRESS_INDUCED_SENESCENCE","REACTOME_OXIDATIVE_STRESS_INDUCED_SENESCENCE","34/1221","121/10623",0.28099173553719,2.44469713891201,5.75949423599854,4.3846705566439e-07,5.57198022422949e-06,4.54802611256854e-06,"1870/653604/126961/8337/333932/128312/8359/8358/8335/3018/8352/8344/8339/3012/8361/8968/8345/8355/8346/8970/8294/8340/8357/8331/8342/8363/8362/8354/8368/8356/8348/1029/1030/7295",34
"REACTOME_RESOLUTION_OF_SISTER_CHROMATID_COHESION","REACTOME_RESOLUTION_OF_SISTER_CHROMATID_COHESION","34/1221","121/10623",0.28099173553719,2.44469713891201,5.75949423599854,4.3846705566439e-07,5.57198022422949e-06,4.54802611256854e-06,"55143/991/11004/83540/91687/1063/1058/699/151246/7277/151648/1062/4085/79682/64105/891/11130/983/81930/113130/84790/701/57082/9133/5347/10381/9212/332/10403/220134/147841/79019/54821/2491",34
"REACTOME_REGULATION_OF_T_CELL_ACTIVATION_BY_CD28_FAMILY","REACTOME_REGULATION_OF_T_CELL_ACTIVATION_BY_CD28_FAMILY","58/1221","261/10623",0.222222222222222,1.93338793338793,5.50188487783272,4.44970258303071e-07,5.59179291267525e-06,4.56419785417302e-06,"8764/3932/653604/126961/8337/333932/919/4751/128312/940/1493/29851/151888/941/942/51176/3659/8359/8358/8335/3018/8352/8344/8339/3012/8361/8968/8345/8355/8346/8970/8294/8340/8357/8331/8342/8363/8362/8354/8368/8356/8348/3122/3127/3123/3117/3118/3120/5294/80380/916/915/917/146850/23533/7409/10331/23308",58
"REACTOME_HCMV_INFECTION","REACTOME_HCMV_INFECTION","40/1221","155/10623",0.258064516129032,2.2452246968376,5.62772120792394,5.20456904387157e-07,6.46853581166895e-06,5.27982307862969e-06,"653604/126961/8337/333932/92815/128312/7277/8359/8358/8335/3018/8352/8344/8339/3012/8361/8968/8345/8355/8346/8970/8969/8294/85235/8340/8329/8357/8331/8342/8363/8362/8332/8354/8368/8356/8336/8348/84790/5371/10381",40
"REACTOME_PHOSPHORYLATION_OF_CD3_AND_TCR_ZETA_CHAINS","REACTOME_PHOSPHORYLATION_OF_CD3_AND_TCR_ZETA_CHAINS","12/1221","21/10623",0.571428571428571,4.97156897156897,6.56490904687017,5.4933191168002e-07,6.73716766324763e-06,5.49908887399895e-06,"3932/919/5788/3122/3127/3123/3117/3118/3120/916/915/917",12
"HALLMARK_APICAL_JUNCTION","HALLMARK_APICAL_JUNCTION","46/1221","190/10623",0.242105263157895,2.10637527479633,5.54530598975279,5.53984608914262e-07,6.73716766324763e-06,5.49908887399895e-06,"1307/10487/81607/3918/5788/3914/10109/942/51208/5010/5522/2533/3673/1462/7045/5097/1041/60/6624/8935/8754/4982/7185/1308/4192/10205/79849/7070/51474/54509/1009/1001/247/3728/3675/3691/103910/3909/3383/7087/7408/6237/4318/23562/5880/54413",46
"REACTOME_HATS_ACETYLATE_HISTONES","REACTOME_HATS_ACETYLATE_HISTONES","37/1221","139/10623",0.266187050359712,2.31589274035317,5.62749660993875,6.07175376390799e-07,7.30548245423397e-06,5.96296534260616e-06,"653604/126961/8337/333932/92815/128312/8359/8358/8335/3018/8352/8344/8339/3012/8361/8968/8345/8355/8346/8970/8969/8294/85235/8340/8329/8357/8331/8342/8363/8362/8332/8354/8368/8356/8336/8348/60",37
"REACTOME_MATERNAL_TO_ZYGOTIC_TRANSITION_MZT","REACTOME_MATERNAL_TO_ZYGOTIC_TRANSITION_MZT","31/1221","107/10623",0.289719626168224,2.52063193184688,5.69693892084623,6.76036882942607e-07,8.04839699587462e-06,6.56935563812373e-06,"653604/126961/8337/333932/128312/8359/8358/8335/3018/8352/8344/8339/3012/8361/8968/8345/8355/8346/8970/8294/8340/8357/8331/8342/8363/8362/8354/8368/8356/8348/29128",31
"REACTOME_BASE_EXCISION_REPAIR_AP_SITE_FORMATION","REACTOME_BASE_EXCISION_REPAIR_AP_SITE_FORMATION","21/1221","59/10623",0.355932203389831,3.09669762212135,5.81967147794648,1.09342644789505e-06,1.28819303392635e-05,1.05146381009206e-05,"8337/128312/55247/8359/8335/3018/8344/8339/3012/8361/8345/8346/8970/8294/8340/8331/8342/8363/8362/8368/8348",21
"REACTOME_INTERLEUKIN_4_AND_INTERLEUKIN_13_SIGNALING","REACTOME_INTERLEUKIN_4_AND_INTERLEUKIN_13_SIGNALING","30/1221","104/10623",0.288461538461538,2.50968625968626,5.57528408585491,1.12881431186167e-06,1.30274386399546e-05,1.06334065682351e-05,"7133/3552/3553/2335/3576/3662/7124/6624/7291/1278/3934/2625/4312/4314/3606/10538/3503/3500/8651/3687/6367/332/3383/4318/3689/3976/5008/3162/7076/3561",30
"REACTOME_REGULATION_OF_ENDOGENOUS_RETROELEMENTS_BY_KRAB_ZFP_PROTEINS","REACTOME_REGULATION_OF_ENDOGENOUS_RETROELEMENTS_BY_KRAB_ZFP_PROTEINS","30/1221","104/10623",0.288461538461538,2.50968625968626,5.57528408585491,1.12881431186167e-06,1.30274386399546e-05,1.06334065682351e-05,"653604/126961/8337/333932/128312/8359/8358/8335/3018/8352/8344/8339/3012/8361/8968/8345/8355/8346/8970/8294/8340/8357/8331/8342/8363/8362/8354/8368/8356/8348",30
"REACTOME_COLLAGEN_CHAIN_TRIMERIZATION","REACTOME_COLLAGEN_CHAIN_TRIMERIZATION","17/1221","42/10623",0.404761904761905,3.52152802152802,5.90032513462022,1.46076474902381e-06,1.66881306176357e-05,1.36213788930769e-05,"1307/1296/255631/1301/1281/1290/1294/1295/91522/1303/1300/1278/169044/1289/1308/1277/1287",17
"REACTOME_MHC_CLASS_II_ANTIGEN_PRESENTATION","REACTOME_MHC_CLASS_II_ANTIGEN_PRESENTATION","32/1221","116/10623",0.275862068965517,2.40006777937812,5.46373398609301,1.48478250863107e-06,1.67928901726174e-05,1.37068869480994e-05,"11004/1520/1513/1510/7277/130340/56992/1062/10112/972/3122/3127/3123/3117/3118/3120/3112/3109/3108/1174/1508/1515/3832/81930/1075/3902/84790/29127/9493/10381/10437/24137",32
"REACTOME_REPLACEMENT_OF_PROTAMINES_BY_NUCLEOSOMES_IN_THE_MALE_PRONUCLEUS","REACTOME_REPLACEMENT_OF_PROTAMINES_BY_NUCLEOSOMES_IN_THE_MALE_PRONUCLEUS","16/1221","38/10623",0.421052631578947,3.66326134747187,5.92667360488127,1.58713430495637e-06,1.77727613753035e-05,1.45066887487935e-05,"128312/8359/3018/8344/8339/8361/8345/8346/8970/8294/8340/8342/8363/8362/8368/8348",16
"REACTOME_CELLULAR_SENESCENCE","REACTOME_CELLULAR_SENESCENCE","45/1221","191/10623",0.235602094240838,2.04979610738773,5.27580468985506,1.64239022982217e-06,1.82112093130282e-05,1.48645637931274e-05,"1870/653604/126961/8337/333932/128312/3552/3576/890/8359/8358/8335/3018/8352/8344/8339/3012/3007/8361/8968/8345/8355/8346/8970/8294/8340/8357/8331/8342/8363/8362/3009/8354/8368/8356/8348/3159/1029/1030/7295/8091/898/3397/11065/2114",45
"REACTOME_NEGATIVE_EPIGENETIC_REGULATION_OF_RRNA_EXPRESSION","REACTOME_NEGATIVE_EPIGENETIC_REGULATION_OF_RRNA_EXPRESSION","30/1221","106/10623",0.283018867924528,2.46233368874878,5.45260877311435,1.75324292226835e-06,1.92516285930631e-05,1.5713786845471e-05,"653604/126961/8337/333932/128312/8359/8358/8335/3018/8352/8344/8339/3012/8361/8968/8345/8355/8346/8970/8294/8340/8357/8331/8342/8363/8362/8354/8368/8356/8348",30
"REACTOME_DEVELOPMENTAL_LINEAGE_OF_PANCREATIC_DUCTAL_CELLS","REACTOME_DEVELOPMENTAL_LINEAGE_OF_PANCREATIC_DUCTAL_CELLS","18/1221","47/10623",0.382978723404255,3.33200899158346,5.7739003678503,1.8789212672454e-06,2.04332687812937e-05,1.66782788600629e-05,"255631/1301/3918/3914/1281/1290/2335/972/3910/1278/1289/3855/302/25984/3880/3872/1277/3909",18
"REACTOME_ESTROGEN_DEPENDENT_GENE_EXPRESSION","REACTOME_ESTROGEN_DEPENDENT_GENE_EXPRESSION","37/1221","146/10623",0.253424657534247,2.20485678704857,5.28255760270813,2.21061901668517e-06,2.37083886230621e-05,1.93515350387877e-05,"653604/126961/8337/333932/128312/7039/8359/8358/8335/3018/8352/8344/8339/3012/8361/8968/8345/8355/8346/8970/8294/8340/8357/8331/8342/8363/8362/8354/8368/8356/8348/4602/2625/3169/3838/861/7031",37
"HALLMARK_COMPLEMENT","HALLMARK_COMPLEMENT","45/1221","193/10623",0.233160621761658,2.02855469694848,5.19654567817328,2.22200636078212e-06,2.37083886230621e-05,1.93515350387877e-05,"978/3932/2152/1520/2153/725/1604/5341/8942/2335/55619/1356/3001/64167/3659/3937/717/629/5698/7941/5294/1508/8754/1515/2625/10938/1075/4321/4322/838/834/4973/1848/160851/4323/3002/3958/5265/1012/23533/5329/341/60489/5251/7076",45
"REACTOME_RNA_POLYMERASE_I_TRANSCRIPTION","REACTOME_RNA_POLYMERASE_I_TRANSCRIPTION","30/1221","108/10623",0.277777777777778,2.41673491673492,5.33269437056165,2.68345827330806e-06,2.83644047393591e-05,2.31519223383293e-05,"653604/126961/8337/333932/128312/8359/8358/8335/3018/8352/8344/8339/3012/8361/8968/8345/8355/8346/8970/8294/8340/8357/8331/8342/8363/8362/8354/8368/8356/8348",30
"REACTOME_MET_PROMOTES_CELL_MOTILITY","REACTOME_MET_PROMOTES_CELL_MOTILITY","16/1221","40/10623",0.4,3.48009828009828,5.66298414700012,3.58497804872354e-06,3.75426867880215e-05,3.06435258160871e-05,"255631/1301/3918/3914/1281/1290/2335/3673/3910/1278/4233/1289/84951/3675/1277/3909",16
"REACTOME_INTERLEUKIN_7_SIGNALING","REACTOME_INTERLEUKIN_7_SIGNALING","15/1221","36/10623",0.416666666666667,3.62510237510237,5.68541139814446,3.9467293482611e-06,4.09518430539753e-05,3.34261867544663e-05,"653604/126961/333932/3575/85480/8358/8352/8968/8355/8357/8354/8356/3574/8651/3561",15
"REACTOME_TNFS_BIND_THEIR_PHYSIOLOGICAL_RECEPTORS","REACTOME_TNFS_BIND_THEIR_PHYSIOLOGICAL_RECEPTORS","13/1221","28/10623",0.464285714285714,4.03939978939979,5.80319576466191,4.07281287058652e-06,4.18759214239395e-05,3.41804486842524e-05,"8784/7293/8764/8718/3604/943/7133/10913/4982/9966/8600/608/8744",13
"REACTOME_FORMATION_OF_THE_CORNIFIED_ENVELOPE","REACTOME_FORMATION_OF_THE_CORNIFIED_ENVELOPE","21/1221","64/10623",0.328125,2.85476812039312,5.36313923222018,4.91578824131419e-06,4.96406830439853e-05,4.05182921769976e-05,"5317/1475/11005/1041/64065/11187/3855/3854/3853/25984/3866/3880/3861/3868/3872/3728/2125/1824/1830/1829/5266",21
"REACTOME_KERATINIZATION","REACTOME_KERATINIZATION","21/1221","64/10623",0.328125,2.85476812039312,5.36313923222018,4.91578824131419e-06,4.96406830439853e-05,4.05182921769976e-05,"5317/1475/11005/1041/64065/11187/3855/3854/3853/25984/3866/3880/3861/3868/3872/3728/2125/1824/1830/1829/5266",21
"REACTOME_CHROMOSOME_MAINTENANCE","REACTOME_CHROMOSOME_MAINTENANCE","34/1221","134/10623",0.253731343283582,2.20752502842055,5.06911746052869,5.4887204990937e-06,5.49357777387166e-05,4.48403155817902e-05,"8337/91687/128312/1058/55355/890/79682/64105/8359/8335/3018/8344/8339/3012/8361/8345/8346/8970/8294/8340/8331/8342/8363/8362/8368/8348/387103/55505/57082/11339/80119/641/79019/2491",34
"REACTOME_DNA_REPLICATION_PRE_INITIATION","REACTOME_DNA_REPLICATION_PRE_INITIATION","36/1221","147/10623",0.244897959183673,2.1306724163867,4.97449016929868,7.02703814460672e-06,6.97156152767561e-05,5.69040854369353e-05,"4998/653604/126961/8337/333932/128312/8359/8358/8335/3018/8352/8344/8339/3012/8361/8968/8345/8355/8346/8970/8294/8340/8357/8331/8342/8363/8362/8354/8368/8356/8348/55388/23594/990/11065/8318",36
"REACTOME_FIBRONECTIN_MATRIX_FORMATION","REACTOME_FIBRONECTIN_MATRIX_FORMATION","10/1221","18/10623",0.555555555555556,4.83346983346983,5.8657537003149,7.11737379674885e-06,6.99978240358517e-05,5.71344331327116e-05,"1281/1290/2335/1294/1278/1289/1277/4680/634/1287",10
"REACTOME_CHEMOKINE_RECEPTORS_BIND_CHEMOKINES","REACTOME_CHEMOKINE_RECEPTORS_BIND_CHEMOKINES","18/1221","51/10623",0.352941176470588,3.07067495302789,5.3415746012203,7.31496424587091e-06,7.13209013972414e-05,5.82143706318402e-05,"7852/6364/1233/1234/9034/3576/6374/2921/4283/3627/10563/1235/6363/6367/6361/58191/6357/1236",18
"REACTOME_DEVELOPMENTAL_CELL_LINEAGES","REACTOME_DEVELOPMENTAL_CELL_LINEAGES","34/1221","136/10623",0.25,2.17506142506143,4.96998693127565,7.77830504448388e-06,7.51902820966775e-05,6.13726812776641e-05,"2707/255631/1301/3918/3914/7039/7852/1281/1290/2335/4311/84525/374/9429/11005/972/7020/3910/1278/6469/1289/2625/59/3855/302/25984/3866/3880/3861/3872/1277/3691/3909/6590",34
"REACTOME_CO_INHIBITION_BY_PD_1","REACTOME_CO_INHIBITION_BY_PD_1","46/1221","210/10623",0.219047619047619,1.90576810576811,4.77737787966334,1.02206598979623e-05,9.79624266491129e-05,7.99600243578315e-05,"3932/653604/126961/8337/333932/919/4751/128312/51176/3659/8359/8358/8335/3018/8352/8344/8339/3012/8361/8968/8345/8355/8346/8970/8294/8340/8357/8331/8342/8363/8362/8354/8368/8356/8348/3122/3127/3123/3117/3118/3120/80380/916/915/917/10331",46
"REACTOME_EPIGENETIC_REGULATION_OF_GENE_EXPRESSION_BY_MLL3_AND_MLL4_COMPLEXES","REACTOME_EPIGENETIC_REGULATION_OF_GENE_EXPRESSION_BY_MLL3_AND_MLL4_COMPLEXES","33/1221","132/10623",0.25,2.17506142506143,4.89541989680151,1.05368653879775e-05,0.000100144493729433,8.17410963755528e-05,"653604/126961/8337/333932/128312/5468/11343/8359/8358/8335/3018/8352/8344/8339/3012/8361/8968/8345/8355/8346/8970/8294/8340/8357/8331/8342/8363/8362/8354/8368/8356/8348/6319",33
"REACTOME_NEUTROPHIL_DEGRANULATION","REACTOME_NEUTROPHIL_DEGRANULATION","82/1221","449/10623",0.182628062360802,1.58890901429877,4.59490316134412,1.1008948158737e-05,0.000103759336396096,8.46916450457223e-05,"8514/6518/7133/978/5724/10487/963/965/1520/6282/3310/10092/5788/5317/5284/1604/7130/3417/6556/54918/4311/6286/683/51316/10855/340061/1794/6793/79930/3106/401258/8876/154664/26/1508/93100/5005/3934/5328/101/6947/221/1075/160364/4973/51411/3071/64333/4069/54509/4860/3958/5265/567/302/5315/3683/29108/3687/23406/968/230/3728/11314/326624/201294/11031/199675/684/4680/634/5329/8778/100049587/126014/10326/6590/4318/1476/7226/3689/2717",82
"REACTOME_CELL_JUNCTION_ORGANIZATION","REACTOME_CELL_JUNCTION_ORGANIZATION","58/1221","288/10623",0.201388888888889,1.75213281463281,4.66322528669774,1.19192226039411e-05,0.000111172016929131,9.07421088434531e-05,"80149/653604/126961/8337/333932/1520/81607/3918/3914/128312/51208/5010/8728/94234/7020/8359/8358/8335/3018/8352/8344/8339/3012/8361/8968/8345/8355/8346/8970/8294/8340/8357/8331/8342/8363/8362/8354/8368/8356/8348/60/7291/137075/1508/1015/59/1308/5315/1009/1001/1012/3861/3728/54549/3691/3909/7408/23562",58
"REACTOME_CELL_CELL_COMMUNICATION","REACTOME_CELL_CELL_COMMUNICATION","63/1221","321/10623",0.196261682242991,1.70752485705757,4.63857200730581,1.19920301196764e-05,0.000111172016929131,9.07421088434531e-05,"80149/653604/126961/8337/333932/1520/81607/3918/3914/128312/51208/5010/2533/8728/94234/7020/8359/8358/8335/3018/8352/8344/8339/3012/8361/8968/8345/8355/8346/8970/8294/8340/8357/8331/8342/8363/8362/8354/8368/8356/8348/60/7291/8935/137075/1508/1015/59/1308/84623/5315/1009/1001/1012/3861/3728/54549/3691/3909/7408/10326/55423/23562",63
"REACTOME_MITOTIC_PROPHASE","REACTOME_MITOTIC_PROPHASE","34/1221","139/10623",0.244604316546763,2.12811765329751,4.82446484797836,1.28879767766535e-05,0.000118506518165814,9.67287602321365e-05,"653604/126961/8337/333932/128312/891/8359/8358/8335/3018/8352/8344/8339/3012/8361/8968/8345/8355/8346/8970/8294/8340/8357/8331/8342/8363/8362/8354/8368/8356/8348/983/9133/5347",34
"REACTOME_FACTORS_INVOLVED_IN_MEGAKARYOCYTE_DEVELOPMENT_AND_PLATELET_PRODUCTION","REACTOME_FACTORS_INVOLVED_IN_MEGAKARYOCYTE_DEVELOPMENT_AND_PLATELET_PRODUCTION","35/1221","145/10623",0.241379310344828,2.10005930695586,4.80630980201382,1.31772062927346e-05,0.000120188873524862,9.8101951771887e-05,"11004/653604/126961/333932/23046/55083/7277/55619/56992/1062/3659/10112/1794/8358/8352/8968/8355/8357/8354/8356/3833/64780/4602/60/2625/9585/3832/81930/10938/84790/29127/9493/10381/146909/24137",35
"REACTOME_RHO_GTPASES_ACTIVATE_FORMINS","REACTOME_RHO_GTPASES_ACTIVATE_FORMINS","33/1221","134/10623",0.246268656716418,2.1425978217023,4.79655695081459,1.47883887825052e-05,0.000133805341704107,0.000109216142840059,"55143/991/11004/389/83540/91687/1063/1058/699/151246/7277/151648/1062/4085/79682/64105/60/11130/81930/84790/701/57082/5347/10381/9212/752/332/10403/220134/147841/79019/54821/2491",33
"REACTOME_INHIBITION_OF_DNA_RECOMBINATION_AT_TELOMERE","REACTOME_INHIBITION_OF_DNA_RECOMBINATION_AT_TELOMERE","20/1221","64/10623",0.3125,2.71882678132678,4.97005919121069,1.87117832998785e-05,0.000167960531048909,0.000137094686332443,"8337/128312/8359/8335/3018/8344/8339/3012/8361/8345/8346/8970/8294/8340/8331/8342/8363/8362/8368/8348",20
"REACTOME_M_PHASE","REACTOME_M_PHASE","73/1221","395/10623",0.184810126582278,1.60789350915933,4.43691952170207,2.2174487977791e-05,0.000197475164589619,0.000161185461720039,"55143/991/11004/653604/126961/8337/333932/83540/91687/4751/1063/128312/1058/23397/699/151246/7277/151648/64151/1062/4085/10733/79682/64105/891/10112/9232/8359/8358/8335/3018/8352/8344/8339/3012/8361/8968/8345/8355/8346/8970/8294/8340/8357/8331/8342/8363/8362/8354/8368/8356/8348/11130/983/81930/113130/84790/9700/701/57082/9133/9493/5347/10381/9212/332/10403/220134/147841/11065/79019/54821/2491",73
"REACTOME_COLLAGEN_BIOSYNTHESIS_AND_MODIFYING_ENZYMES","REACTOME_COLLAGEN_BIOSYNTHESIS_AND_MODIFYING_ENZYMES","20/1221","65/10623",0.307692307692308,2.67699867699868,4.88707975479848,2.41459225495146e-05,0.000213351862527352,0.000174144523650694,"1307/1296/255631/1301/1281/1290/1294/1295/91522/1303/1300/1278/169044/1289/140766/5033/1308/871/1277/1287",20
"HALLMARK_GLYCOLYSIS","HALLMARK_GLYCOLYSIS","43/1221","198/10623",0.217171717171717,1.88944729853821,4.55266443519917,2.45827665891426e-05,0.000215527976839692,0.000175920736831318,"2023/2582/205/55635/1944/8497/6382/1058/7039/3099/7852/3417/9435/53836/1462/2745/7045/10112/3161/7162/4907/3486/4233/7295/1289/5214/983/5033/3939/726/2026/112399/30001/5315/3669/4166/136/9123/1824/10331/6790/638/5230",43
"REACTOME_DNA_REPLICATION","REACTOME_DNA_REPLICATION","40/1221","181/10623",0.220994475138122,1.9227062320985,4.5119237748435,3.06834118544922e-05,0.000266945683134082,0.000217889491468742,"4998/653604/126961/8337/333932/128312/890/8359/8358/8335/3018/8352/8344/8339/3012/8361/8968/8345/8355/8346/8970/8294/8340/8357/8331/8342/8363/8362/8354/8368/8356/8348/84296/55388/23594/990/898/9837/11065/8318",40
"REACTOME_G2_M_DNA_DAMAGE_CHECKPOINT","REACTOME_G2_M_DNA_DAMAGE_CHECKPOINT","25/1221","93/10623",0.268817204301075,2.3387757258725,4.67289448944008,3.30054157069877e-05,0.000284955153928267,0.000232589389915855,"2810/128312/9156/890/891/8359/3018/8344/8339/8361/8345/8346/8970/8294/8340/8342/8363/8362/8368/8348/983/1111/641/83990/11200",25
"REACTOME_MITOTIC_SPINDLE_CHECKPOINT","REACTOME_MITOTIC_SPINDLE_CHECKPOINT","28/1221","110/10623",0.254545454545455,2.21460799642618,4.61445062597757,3.39330265643013e-05,0.000290744341244127,0.00023731470731174,"55143/991/11004/83540/91687/1063/1058/699/151246/151648/1062/4085/79682/64105/11130/81930/701/57082/5347/9212/332/10403/220134/147841/11065/79019/54821/2491",28
"REACTOME_GBP_MEDIATED_HOST_DEFENSE","REACTOME_GBP_MEDIATED_HOST_DEFENSE","8/1221","14/10623",0.571428571428571,4.97156897156897,5.35845711465626,4.7245780791411e-05,0.000401766752444255,0.000327934703237574,"2810/2635/2633/2634/115361/115362/60/834",8
"REACTOME_SARS_COV_INFECTIONS","REACTOME_SARS_COV_INFECTIONS","80/1221","453/10623",0.176600441501104,1.53646723183147,4.20516151759659,4.82559374184107e-05,0.000407294516568825,0.000332446638774126,"9636/2810/9641/6382/28908/28299/28914/28940/28913/28938/28937/28912/28921/28919/28933/28930/28893/28896/28881/28883/28874/28901/28903/9111/3676/3656/54625/340061/26762/3134/3105/3106/55107/834/253832/11035/3495/3507/28474/28457/28452/28450/28449/28442/28439/28434/28395/28394/28465/28424/28420/28392/28461/567/29108/64127/3838/7409/684/5349/973/81030/861/28778/28820/28822/28823/28825/28793/28813/28796/28797/28815/28816/28817/28809/3538/3539/30011/695",80
"REACTOME_KINESINS","REACTOME_KINESINS","17/1221","53/10623",0.320754716981132,2.79064484724862,4.70934769090103,5.39890925588052e-05,0.000452308619881546,0.000369188570558068,"11004/23046/55083/7277/56992/1062/10112/3833/9585/3832/81930/84790/29127/9493/10381/146909/24137",17
"REACTOME_REGULATION_OF_ENDOGENOUS_RETROELEMENTS","REACTOME_REGULATION_OF_ENDOGENOUS_RETROELEMENTS","32/1221","137/10623",0.233576642335766,2.03217417815958,4.38186712677552,6.0837904923149e-05,0.000505938753441776,0.000412963178154812,"90853/653604/126961/8337/333932/128312/8359/8358/8335/3018/8352/8344/8339/3012/8361/8968/8345/8355/8346/8970/8294/8340/8357/8331/8342/8363/8362/8354/8368/8356/8348/60",32
"REACTOME_NON_INTEGRIN_MEMBRANE_ECM_INTERACTIONS","REACTOME_NON_INTEGRIN_MEMBRANE_ECM_INTERACTIONS","21/1221","76/10623",0.276315789473684,2.40401525927842,4.42654626897166,8.96266649679506e-05,0.000739910642910599,0.000603938418570055,"1301/3918/3914/6382/1281/1290/2335/3693/3673/3910/1300/60/1278/1289/59/3690/1277/3691/3909/1821/1287",21
"REACTOME_HDMS_DEMETHYLATE_HISTONES","REACTOME_HDMS_DEMETHYLATE_HISTONES","16/1221","50/10623",0.32,2.78407862407862,4.55670310654033,9.19203061027933e-05,0.00075334685653811,0.000614905480184208,"653604/126961/333932/8359/8358/8352/8361/8968/8355/8294/8357/8363/8362/8354/8368/8356",16
"REACTOME_MEIOTIC_SYNAPSIS","REACTOME_MEIOTIC_SYNAPSIS","20/1221","71/10623",0.28169014084507,2.45077343668893,4.41989788071659,9.77046207981237e-05,0.00079499227426387,0.000648897784475233,"8337/128312/8359/8335/3018/8344/8339/3012/8361/8345/8346/8970/8294/8340/8331/8342/8363/8362/8368/8348",20
"REACTOME_SYNDECAN_INTERACTIONS","REACTOME_SYNDECAN_INTERACTIONS","11/1221","27/10623",0.407407407407407,3.54454454454454,4.77058702163929,0.000100162402891721,0.000809169126218117,0.000660469378466461,"6382/1281/1290/2335/3693/3673/1278/1289/3690/1277/3691",11
"REACTOME_TRANSCRIPTIONAL_REGULATION_BY_RUNX1","REACTOME_TRANSCRIPTIONAL_REGULATION_BY_RUNX1","44/1221","217/10623",0.202764976958525,1.76410511894383,4.09818842522143,0.000111610791070377,0.000895261026245364,0.00073074030435775,"8784/653604/126961/8337/333932/1513/128312/1493/1437/8359/8358/8335/3018/8352/8344/8339/3012/8361/8968/8345/8355/8346/8970/8294/8340/8357/8331/8342/8363/8362/8354/8368/8356/8348/860/4602/640/5079/1515/3559/2625/3958/5371/861",44
"REACTOME_ADHERENS_JUNCTIONS_INTERACTIONS","REACTOME_ADHERENS_JUNCTIONS_INTERACTIONS","46/1221","232/10623",0.198275862068966,1.72504871642803,4.02377200884052,0.000137174915992521,0.00109224334937297,0.000891523493322253,"80149/653604/126961/8337/333932/1520/81607/128312/8728/94234/7020/8359/8358/8335/3018/8352/8344/8339/3012/8361/8968/8345/8355/8346/8970/8294/8340/8357/8331/8342/8363/8362/8354/8368/8356/8348/60/7291/1508/1015/59/5315/1009/1001/1012/3728",46
"HALLMARK_ESTROGEN_RESPONSE_LATE","HALLMARK_ESTROGEN_RESPONSE_LATE","40/1221","193/10623",0.207253886010363,1.80315973062087,4.05778733928601,0.000138099733828766,0.00109224334937297,0.000891523493322253,"4681/2582/2810/2707/991/6491/6566/3918/1844/10874/374/10733/9547/10112/4277/7162/4602/64065/10551/55806/9536/9022/26509/11187/4192/221/23650/928/10538/5265/3669/51195/990/7153/3880/11031/5655/57419/7031/2717",40
"HALLMARK_MTORC1_SIGNALING","HALLMARK_MTORC1_SIGNALING","41/1221","200/10623",0.205,1.78355036855037,4.03121912051594,0.000147228326216502,0.00115635581215878,0.000943854108858717,"2023/6513/5052/1718/205/10962/6241/3099/699/7852/3417/3488/7277/6533/27071/79071/1719/2745/134429/8935/6713/5033/6319/3939/871/54843/1075/928/2597/7296/4860/112399/30001/899/5347/11151/10437/6790/3689/5230/2717",41
"REACTOME_ECM_PROTEOGLYCANS","REACTOME_ECM_PROTEOGLYCANS","20/1221","73/10623",0.273972602739726,2.38362895897142,4.27470058312121,0.000148813676125876,0.00116074667378184,0.000947438068692512,"63827/4148/3694/1281/1290/2335/3693/3673/1462/1404/6678/3910/1278/1289/176/3687/3690/1277/3909/1287",20
"REACTOME_GLUCURONIDATION","REACTOME_GLUCURONIDATION","9/1221","20/10623",0.45,3.91511056511057,4.70225855948985,0.000175026667788338,0.00135585726896309,0.00110669349423484,"54576/54575/54600/54577/54578/54579/54657/54659/54658",9
"REACTOME_SIGNALING_BY_NUCLEAR_RECEPTORS","REACTOME_SIGNALING_BY_NUCLEAR_RECEPTORS","53/1221","282/10623",0.187943262411348,1.63515256068448,3.89558061019392,0.000187291563207114,0.00144099835365474,0.00117618833464117,"653604/126961/8337/333932/1382/128312/7039/10170/54659/10123/2069/374/1839/8359/8358/8335/3018/8352/8344/8339/3012/8361/8968/8345/8355/8346/8970/8294/8340/8357/8331/8342/8363/8362/8354/8368/8356/8348/4602/195814/8644/2625/6319/4314/3169/1071/3838/348/341/4318/861/9619/7031",53
"REACTOME_G2_M_CHECKPOINTS","REACTOME_G2_M_CHECKPOINTS","33/1221","153/10623",0.215686274509804,1.87652358240594,3.93538147291984,0.000239263864470612,0.00182842858592069,0.00149242111764386,"2810/63967/4998/128312/9156/890/891/8359/3018/8344/8339/8361/8345/8346/8970/8294/8340/8342/8363/8362/8368/8348/55388/983/1111/9133/641/23594/990/83990/8318/11200/51512",33
"REACTOME_ESR_MEDIATED_SIGNALING","REACTOME_ESR_MEDIATED_SIGNALING","42/1221","213/10623",0.197183098591549,1.71554140568225,3.80145683814783,0.000298144898426511,0.00226309986657976,0.00184721353528824,"653604/126961/8337/333932/128312/7039/2069/374/1839/8359/8358/8335/3018/8352/8344/8339/3012/8361/8968/8345/8355/8346/8970/8294/8340/8357/8331/8342/8363/8362/8354/8368/8356/8348/4602/2625/4314/3169/3838/4318/861/7031",42
"REACTOME_ASPIRIN_ADME","REACTOME_ASPIRIN_ADME","11/1221","30/10623",0.366666666666667,3.19009009009009,4.32876468990888,0.000302864211704058,0.00228359615624859,0.00186394325378567,"6566/54576/54600/54577/54578/54579/54657/54659/54658/1557/1559",11
"REACTOME_REGULATION_OF_HOMOTYPIC_CELL_CELL_ADHESION","REACTOME_REGULATION_OF_HOMOTYPIC_CELL_CELL_ADHESION","42/1221","214/10623",0.196261682242991,1.70752485705757,3.76786159772959,0.000330781583142821,0.00247757596380484,0.00202227569478044,"80149/653604/126961/8337/333932/1520/128312/8728/94234/7020/8359/8358/8335/3018/8352/8344/8339/3012/8361/8968/8345/8355/8346/8970/8294/8340/8357/8331/8342/8363/8362/8354/8368/8356/8348/60/7291/1508/59/5315/1009/3728",42
"HALLMARK_HYPOXIA","HALLMARK_HYPOXIA","39/1221","195/10623",0.2,1.74004914004914,3.75861817795825,0.000358890960718974,0.00266952013119897,0.00217894658202941,"2023/6518/6513/205/2152/6275/1944/63827/5317/8497/3099/7852/6533/9435/1356/9957/51316/2745/7045/7162/3484/3486/1289/5214/5209/3098/5033/3939/2597/2026/30001/302/3669/136/230/5329/7052/3162/5230",39
"HALLMARK_COAGULATION","HALLMARK_COAGULATION","28/1221","125/10623",0.224,1.94885503685504,3.84549673273733,0.000361128718013654,0.00266952013119897,0.00217894658202941,"2152/1513/1510/5341/2335/3673/6678/717/629/1508/8754/9615/1515/733/5328/726/4312/4314/928/4973/1848/4323/5265/3690/341/4318/4320/7076",28
"REACTOME_DEFECTIVE_C1GALT1C1_CAUSES_TNPS","REACTOME_DEFECTIVE_C1GALT1C1_CAUSES_TNPS","7/1221","14/10623",0.5,4.35012285012285,4.51999946361791,0.000429988570728966,0.003117417137785,0.00254453425458369,"56667/4585/56913/4584/10071/140453/4586",7
"REACTOME_NON_CANONICAL_INFLAMMASOME_ACTIVATION","REACTOME_NON_CANONICAL_INFLAMMASOME_ACTIVATION","7/1221","14/10623",0.5,4.35012285012285,4.51999946361791,0.000429988570728966,0.003117417137785,0.00254453425458369,"2635/2633/2634/115361/3553/838/3606",7
"REACTOME_SYNTHESIS_OF_PROSTAGLANDINS_PG_AND_THROMBOXANES_TX","REACTOME_SYNTHESIS_OF_PROSTAGLANDINS_PG_AND_THROMBOXANES_TX","7/1221","14/10623",0.5,4.35012285012285,4.51999946361791,0.000429988570728966,0.003117417137785,0.00254453425458369,"127281/3248/6916/5742/9536/8644/873",7
"REACTOME_CLASS_A_1_RHODOPSIN_LIKE_RECEPTORS","REACTOME_CLASS_A_1_RHODOPSIN_LIKE_RECEPTORS","45/1221","239/10623",0.188284518828452,1.63812157536007,3.5955960654481,0.000534744512633003,0.00385220410056004,0.00314429056372205,"3352/5724/7852/6364/2859/3269/1233/885/1234/9034/56670/10874/3576/6374/2921/4283/3627/10563/1909/2149/56923/1235/6363/5540/64106/1132/5029/5031/57121/5367/338442/8843/27198/8477/8111/29933/6367/6361/58191/136/6357/1236/8698/27334/8862",45
"REACTOME_BACTERIAL_INFECTION_PATHWAYS","REACTOME_BACTERIAL_INFECTION_PATHWAYS","24/1221","104/10623",0.230769230769231,2.00774900774901,3.72162558239534,0.000588033215395224,0.00420927573805063,0.00343574370354172,"2023/2635/2633/2634/115361/3918/3914/84168/1290/2335/118429/1839/3910/4233/1289/79849/928/7296/567/11151/3909/30011/5230/1287",24
"REACTOME_REGULATED_NECROSIS","REACTOME_REGULATED_NECROSIS","16/1221","58/10623",0.275862068965517,2.40006777937812,3.85282394368962,0.00061373178807982,0.0043656015869074,0.00356334179507449,"57162/3552/3553/841/8743/3659/578/54205/8797/355/330/838/834/3606/11035/3002",16
"REACTOME_DISSOLUTION_OF_FIBRIN_CLOT","REACTOME_DISSOLUTION_OF_FIBRIN_CLOT","6/1221","11/10623",0.545454545454545,4.74558856377038,4.47887198218187,0.000630362846022886,0.00440086653612274,0.00359212615959761,"6281/5270/5328/302/5271/5329",6
"REACTOME_ENDOSOMAL_VACUOLAR_PATHWAY","REACTOME_ENDOSOMAL_VACUOLAR_PATHWAY","6/1221","11/10623",0.545454545454545,4.74558856377038,4.47887198218187,0.000630362846022886,0.00440086653612274,0.00359212615959761,"1520/3134/3105/3106/1515/567",6
"REACTOME_TYPE_I_HEMIDESMOSOME_ASSEMBLY","REACTOME_TYPE_I_HEMIDESMOSOME_ASSEMBLY","6/1221","11/10623",0.545454545454545,4.74558856377038,4.47887198218187,0.000630362846022886,0.00440086653612274,0.00359212615959761,"3918/3914/1308/3861/3691/3909",6
"REACTOME_DEVELOPMENTAL_CELL_LINEAGES_OF_THE_EXOCRINE_PANCREAS","REACTOME_DEVELOPMENTAL_CELL_LINEAGES_OF_THE_EXOCRINE_PANCREAS","20/1221","81/10623",0.246913580246914,2.14820881487548,3.73811568241305,0.000662574363262654,0.00459737180889608,0.00375251996500709,"255631/1301/3918/3914/7852/1281/1290/2335/972/3910/1278/6469/1289/3855/302/25984/3880/3872/1277/3909",20
"REACTOME_ARACHIDONATE_METABOLISM","REACTOME_ARACHIDONATE_METABOLISM","15/1221","53/10623",0.283018867924528,2.46233368874878,3.84589819193761,0.000670892370145266,0.00462670286972131,0.00377646090255069,"127281/1573/3248/6916/5742/9536/8644/1557/1559/241/2877/64174/247/4051/873",15
"REACTOME_BASE_EXCISION_REPAIR","REACTOME_BASE_EXCISION_REPAIR","21/1221","87/10623",0.241379310344828,2.10005930695586,3.71269011830544,0.00067835234501868,0.00464979698312804,0.00379531104677118,"8337/128312/55247/8359/8335/3018/8344/8339/3012/8361/8345/8346/8970/8294/8340/8331/8342/8363/8362/8368/8348",21
"REACTOME_ANCHORING_FIBRIL_FORMATION","REACTOME_ANCHORING_FIBRIL_FORMATION","7/1221","15/10623",0.466666666666667,4.06011466011466,4.27383184313625,0.000726565528739186,0.00495027477713264,0.00404057050541703,"3918/3914/1294/1278/1277/3909/1287",7
"REACTOME_PROCESSING_OF_DNA_DOUBLE_STRAND_BREAK_ENDS","REACTOME_PROCESSING_OF_DNA_DOUBLE_STRAND_BREAK_ENDS","22/1221","94/10623",0.234042553191489,2.03622771707878,3.63643999520005,0.000800328385842533,0.00542018805022698,0.0044241285495361,"63967/128312/9156/890/8359/3018/8344/8339/8361/8345/8346/8970/8294/8340/8342/8363/8362/8368/8348/1111/641/83990",22
"REACTOME_EPIGENETIC_REGULATION_BY_WDR5_CONTAINING_HISTONE_MODIFYING_COMPLEXES","REACTOME_EPIGENETIC_REGULATION_BY_WDR5_CONTAINING_HISTONE_MODIFYING_COMPLEXES","33/1221","164/10623",0.201219512195122,1.75065919578115,3.49116607568033,0.000883996256183507,0.00595118908180682,0.00485754835008105,"653604/126961/8337/333932/128312/5468/11343/8359/8358/8335/3018/8352/8344/8339/3012/8361/8968/8345/8355/8346/8970/8294/8340/8357/8331/8342/8363/8362/8354/8368/8356/8348/6319",33
"REACTOME_TELOMERE_MAINTENANCE","REACTOME_TELOMERE_MAINTENANCE","24/1221","107/10623",0.224299065420561,1.95145697949436,3.5645656154339,0.000905802392472324,0.00606190831885325,0.00494792088569435,"8337/128312/890/8359/8335/3018/8344/8339/3012/8361/8345/8346/8970/8294/8340/8331/8342/8363/8362/8368/8348/55505/80119/641",24
"REACTOME_MITOTIC_PROMETAPHASE","REACTOME_MITOTIC_PROMETAPHASE","38/1221","198/10623",0.191919191919192,1.66974412428958,3.42810671340276,0.000969225001576715,0.0064481969222545,0.00526322183518749,"55143/991/11004/83540/91687/4751/1063/1058/23397/699/151246/7277/151648/64151/1062/4085/10733/79682/64105/891/11130/983/81930/113130/84790/701/57082/9133/5347/10381/9212/332/10403/220134/147841/79019/54821/2491",38
"REACTOME_NONHOMOLOGOUS_END_JOINING_NHEJ","REACTOME_NONHOMOLOGOUS_END_JOINING_NHEJ","17/1221","66/10623",0.257575757575758,2.24097237733601,3.64430468013664,0.000987743952019754,0.00653297315634118,0.00533241887301523,"128312/7518/8359/3018/8344/8339/8361/8345/8346/8970/8294/8340/8342/8363/8362/8368/8348",17
"REACTOME_INFECTION_WITH_ENTEROBACTERIA","REACTOME_INFECTION_WITH_ENTEROBACTERIA","12/1221","39/10623",0.307692307692308,2.67699867699868,3.78086320946498,0.00101547218306747,0.00667731999447273,0.00545023931793251,"2635/2633/2634/115361/3918/3914/1290/2335/3910/1289/3909/1287",12
"REACTOME_SEPARATION_OF_SISTER_CHROMATIDS","REACTOME_SEPARATION_OF_SISTER_CHROMATIDS","34/1221","172/10623",0.197674418604651,1.71981601051368,3.42971204679686,0.00103190556056657,0.00674615716185431,0.0055064263864733,"55143/991/11004/83540/91687/1063/1058/699/151246/7277/151648/1062/4085/79682/64105/9232/11130/81930/113130/84790/9700/701/57082/5347/10381/9212/332/10403/220134/147841/11065/79019/54821/2491",34
"HALLMARK_MITOTIC_SPINDLE","HALLMARK_MITOTIC_SPINDLE","38/1221","199/10623",0.190954773869347,1.66135345029817,3.39385917375168,0.00106874948815393,0.00690717526344054,0.00563785444277291,"11004/9181/4751/1063/699/7277/56992/1894/1062/23022/64411/1794/7272/6624/54443/983/9585/3832/29127/9700/54509/675/9787/51203/9133/4643/80119/9493/5347/7153/201176/10801/332/10403/22974/6790/24137/393",38
"HALLMARK_P53_PATHWAY","HALLMARK_P53_PATHWAY","38/1221","199/10623",0.190954773869347,1.66135345029817,3.39385917375168,0.00106874948815393,0.00690717526344054,0.00563785444277291,"1969/2810/9635/6281/6275/51278/92815/6382/4084/7039/3552/2149/1839/6890/578/64065/5820/1029/1030/22891/355/5791/834/7421/1606/2877/8651/6236/1012/247/3872/3691/5268/8744/10437/100/3976/3162",38
"REACTOME_DETOXIFICATION_OF_REACTIVE_OXYGEN_SPECIES","REACTOME_DETOXIFICATION_OF_REACTIVE_OXYGEN_SPECIES","11/1221","35/10623",0.314285714285714,2.73436293436293,3.70354730703065,0.00134626803716421,0.00865130198882228,0.00706146572125007,"5052/4688/493869/54205/653361/7295/50507/7296/30001/2877/4689",11
"REACTOME_O_LINKED_GLYCOSYLATION_OF_MUCINS","REACTOME_O_LINKED_GLYCOSYLATION_OF_MUCINS","15/1221","57/10623",0.263157894736842,2.28953834216992,3.5177683843647,0.00152336388897246,0.00973403705326472,0.00794522825232738,"11227/56667/84002/4585/56913/4584/10071/140453/2650/4586/192134/11226/8693/9245/10331",15
"REACTOME_PURINERGIC_SIGNALING_IN_LEISHMANIASIS_INFECTION","REACTOME_PURINERGIC_SIGNALING_IN_LEISHMANIASIS_INFECTION","9/1221","26/10623",0.346153846153846,3.01162351162351,3.70077572635245,0.00171781265845317,0.0108538889201706,0.00885928668899401,"3552/3553/4907/7295/834/3606/9051/29108/3162",9
"REACTOME_PYROPTOSIS","REACTOME_PYROPTOSIS","9/1221","26/10623",0.346153846153846,3.01162351162351,3.70077572635245,0.00171781265845317,0.0108538889201706,0.00885928668899401,"3552/3553/3659/578/54205/838/834/3606/3002",9
"REACTOME_CYCLIN_A_B1_B2_ASSOCIATED_EVENTS_DURING_G2_M_TRANSITION","REACTOME_CYCLIN_A_B1_B2_ASSOCIATED_EVENTS_DURING_G2_M_TRANSITION","10/1221","31/10623",0.32258064516129,2.806530871047,3.62984520907719,0.00177420290493601,0.0111479082526812,0.0090992745475373,"55355/151648/890/891/983/2305/9133/90381/5347/994",10
"REACTOME_DEFECTIVE_GALNT3_CAUSES_HFTC","REACTOME_DEFECTIVE_GALNT3_CAUSES_HFTC","6/1221","13/10623",0.461538461538462,4.01549801549802,3.92034139467861,0.00190976985116655,0.0119334237661291,0.0097404371007448,"56667/4585/4584/10071/140453/4586",6
"REACTOME_DNA_DOUBLE_STRAND_BREAK_RESPONSE","REACTOME_DNA_DOUBLE_STRAND_BREAK_RESPONSE","18/1221","76/10623",0.236842105263158,2.06058450795293,3.34378587809723,0.00200855733226786,0.012481749136236,0.0101879975731574,"128312/8359/3018/8344/8339/8361/8345/8346/8970/8294/8340/8342/8363/8362/8368/8348/3838/11200",18
"REACTOME_ATTACHMENT_OF_BACTERIA_TO_EPITHELIAL_CELLS","REACTOME_ATTACHMENT_OF_BACTERIA_TO_EPITHELIAL_CELLS","8/1221","22/10623",0.363636363636364,3.16372570918025,3.66092629692031,0.00216229108244977,0.0133636678374355,0.0109078474507245,"3918/3914/1290/2335/3910/1289/3909/1287",8
"REACTOME_DEVELOPMENTAL_CELL_LINEAGES_OF_THE_INTEGUMENTARY_SYSTEM","REACTOME_DEVELOPMENTAL_CELL_LINEAGES_OF_THE_INTEGUMENTARY_SYSTEM","15/1221","59/10623",0.254237288135593,2.21192687294382,3.36386905837766,0.00221120781199282,0.0135917175834994,0.0110939888507878,"2707/7039/4311/84525/374/9429/11005/7020/2625/59/3866/3880/3861/3691/6590",15
"REACTOME_CHK1_CHK2_CDS1_MEDIATED_INACTIVATION_OF_CYCLIN_B_CDK1_COMPLEX","REACTOME_CHK1_CHK2_CDS1_MEDIATED_INACTIVATION_OF_CYCLIN_B_CDK1_COMPLEX","6/1221","14/10623",0.428571428571429,3.72867672867673,3.68154181257956,0.00301960581149474,0.018460400934057,0.0150679618587817,"2810/890/891/983/1111/11200",6
"REACTOME_THE_ROLE_OF_NEF_IN_HIV_1_REPLICATION_AND_DISEASE_PATHOGENESIS","REACTOME_THE_ROLE_OF_NEF_IN_HIV_1_REPLICATION_AND_DISEASE_PATHOGENESIS","9/1221","28/10623",0.321428571428571,2.79650754650755,3.43011308398312,0.00307227261382228,0.0186813996034032,0.0152483479474937,"3932/919/940/130340/1794/3105/1174/567/3055",9
"REACTOME_CONSTITUTIVE_SIGNALING_BY_ABERRANT_PI3K_IN_CANCER","REACTOME_CONSTITUTIVE_SIGNALING_BY_ABERRANT_PI3K_IN_CANCER","18/1221","79/10623",0.227848101265823,1.98233446334712,3.15806514770637,0.00316427626843231,0.0191379489818019,0.0156209979589932,"3932/7039/940/29851/941/942/2069/374/1839/5294/4233/4254/930/146850/23533/7409/4909/5880",18
"REACTOME_REGULATION_OF_PD_L1_CD274_EXPRESSION","REACTOME_REGULATION_OF_PD_L1_CD274_EXPRESSION","35/1221","191/10623",0.183246073298429,1.59428586130157,2.98661436454667,0.00337488580554929,0.0203031693940226,0.0165720876341922,"653604/126961/8337/333932/4751/128312/51176/3659/8359/8358/8335/3018/8352/8344/8339/3012/8361/8968/8345/8355/8346/8970/8294/8340/8357/8331/8342/8363/8362/8354/8368/8356/8348/80380/10331",35
"REACTOME_DRUG_ADME","REACTOME_DRUG_ADME","20/1221","92/10623",0.217391304347826,1.89135776092298,3.09429713030273,0.00345108781259437,0.0206517477039377,0.0168566082519926,"6566/7498/54576/54575/54600/54577/54578/54579/54657/54659/54658/95/6783/9429/6581/1557/1559/4860/7409/100",20
"HALLMARK_APOPTOSIS","HALLMARK_APOPTOSIS","30/1221","158/10623",0.189873417721519,1.6519453861226,2.9752331231446,0.00372871505729518,0.0221956669989518,0.0181168039071904,"8915/3552/3553/841/8743/952/2069/51176/2149/3659/7124/6890/355/330/834/3606/2026/969/3958/5330/3669/7153/5366/2769/994/637/3162/638/706/7076",30
"REACTOME_INTERLEUKIN_2_FAMILY_SIGNALING","REACTOME_INTERLEUKIN_2_FAMILY_SIGNALING","11/1221","40/10623",0.275,2.39256756756757,3.17974820677233,0.0043551962519345,0.025684184107639,0.0209642416700632,"3932/3635/1437/84868/3559/50615/3965/3560/1438/3561/3581",11
"REACTOME_PKMTS_METHYLATE_HISTONE_LYSINES","REACTOME_PKMTS_METHYLATE_HISTONE_LYSINES","16/1221","69/10623",0.231884057971014,2.01744827831784,3.05547826520594,0.00436017979546127,0.025684184107639,0.0209642416700632,"653604/126961/333932/8359/8358/8352/8361/8968/8355/8294/8357/8363/8362/8354/8368/8356",16
"REACTOME_GPVI_MEDIATED_ACTIVATION_CASCADE","REACTOME_GPVI_MEDIATED_ACTIVATION_CASCADE","10/1221","35/10623",0.285714285714286,2.48578448578449,3.17273450794559,0.00479190615299956,0.0280810666271632,0.0229206528289098,"3932/3937/1278/5294/27040/146850/23533/1277/7409/5880",10
"REACTOME_SIGNALING_BY_MET","REACTOME_SIGNALING_BY_MET","17/1221","76/10623",0.223684210526316,1.94610759084443,2.98286574780575,0.00496458831697463,0.0289430380747335,0.0236242211285228,"255631/1301/3918/3914/1281/1290/2335/3673/3910/1278/4233/1289/84951/3675/1277/3909/30011",17
"REACTOME_CO_STIMULATION_BY_ICOS","REACTOME_CO_STIMULATION_BY_ICOS","5/1221","11/10623",0.454545454545455,3.95465713647532,3.53309789375048,0.00506458853258192,0.0290763940626911,0.0237330704946532,"29851/5294/146850/23533/23308",5
"REACTOME_CONDENSATION_OF_PROMETAPHASE_CHROMOSOMES","REACTOME_CONDENSATION_OF_PROMETAPHASE_CHROMOSOMES","5/1221","11/10623",0.454545454545455,3.95465713647532,3.53309789375048,0.00506458853258192,0.0290763940626911,0.0237330704946532,"23397/64151/891/983/9133",5
"REACTOME_THYROXINE_BIOSYNTHESIS","REACTOME_THYROXINE_BIOSYNTHESIS","5/1221","11/10623",0.454545454545455,3.95465713647532,3.53309789375048,0.00506458853258192,0.0290763940626911,0.0237330704946532,"389434/1734/50506/405753/90527",5
"REACTOME_SIGNALING_BY_NOTCH","REACTOME_SIGNALING_BY_NOTCH","39/1221","224/10623",0.174107142857143,1.51477492102492,2.80605680037605,0.00513194660863265,0.0291371518553369,0.0237826629225469,"653604/126961/8337/333932/128312/10460/8359/8358/8335/3018/8352/8344/8339/3012/8361/8968/8345/8355/8346/8970/8294/8340/8357/8331/8342/8363/8362/8354/8368/8356/8348/10320/59/4192/23220/3002/9787/861/4242",39
"REACTOME_ACTIVATION_OF_MATRIX_METALLOPROTEINASES","REACTOME_ACTIVATION_OF_MATRIX_METALLOPROTEINASES","9/1221","30/10623",0.3,2.61007371007371,3.18234864211954,0.00515245832985622,0.0291371518553369,0.0237826629225469,"1513/1515/4312/4314/4322/4323/4318/4320/7076",9
"REACTOME_LAMININ_INTERACTIONS","REACTOME_LAMININ_INTERACTIONS","9/1221","30/10623",0.3,2.61007371007371,3.18234864211954,0.00515245832985622,0.0291371518553369,0.0237826629225469,"3918/3914/1294/3673/3910/3675/3691/3909/1287",9
"REACTOME_METALLOPROTEASE_DUBS","REACTOME_METALLOPROTEASE_DUBS","10/1221","36/10623",0.277777777777778,2.41673491673492,3.06834541774388,0.0059655769491181,0.0335675001465302,0.0273988530210871,"8337/92815/8335/3012/8969/85235/8329/8331/8332/8336",10
"REACTOME_PEPTIDE_LIGAND_BINDING_RECEPTORS","REACTOME_PEPTIDE_LIGAND_BINDING_RECEPTORS","27/1221","144/10623",0.1875,1.63129606879607,2.74856029093804,0.00682255728949885,0.0381995658139762,0.0311796912083924,"7852/6364/1233/885/1234/9034/10874/3576/6374/2921/4283/3627/10563/1909/2149/56923/1235/6363/5540/64106/5367/6367/6361/58191/6357/1236/8862",27
"REACTOME_INFLAMMASOMES","REACTOME_INFLAMMASOMES","7/1221","21/10623",0.333333333333333,2.9000819000819,3.14079018769102,0.00706566775035077,0.0393658631805257,0.0321316599277036,"9447/7295/834/9051/29108/22861/3162",7
"REACTOME_CD28_DEPENDENT_VAV1_PATHWAY","REACTOME_CD28_DEPENDENT_VAV1_PATHWAY","5/1221","12/10623",0.416666666666667,3.62510237510237,3.27875954391366,0.0078689599013093,0.0436264394528471,0.035609276746379,"3932/940/941/942/7409",5
"REACTOME_MITOTIC_METAPHASE_AND_ANAPHASE","REACTOME_MITOTIC_METAPHASE_AND_ANAPHASE","37/1221","217/10623",0.170506912442396,1.48345203183913,2.59293842157671,0.00882592100285534,0.0486932519718507,0.0397449690346811,"55143/991/11004/83540/91687/1063/1058/699/151246/7277/151648/1062/4085/79682/64105/891/9232/11130/983/81930/113130/84790/9700/701/57082/9133/5347/10381/9212/332/10403/220134/147841/11065/79019/54821/2491",37
