"gene","module"
"PNLIP","blue"
"PRSS1","blue"
"AMY2A","blue"
"CPB1","blue"
"CPA1","blue"
"CELA3A","blue"
"CEL","blue"
"CTRB1","blue"
"CLPS","blue"
"CELA3B","blue"
"CELA2A","blue"
"CTRB2","blue"
"PRSS2","blue"
"AMY1A","blue"
"CTRC","blue"
"GP2","blue"
"PLA2G1B","blue"
"CPA2","blue"
"CELP","blue"
"PNLIPRP2","blue"
"AMY2B","blue"
"PNLIPRP1","blue"
"XIST","green"
"CELA2B","blue"
"SYCN","blue"
"CUZD1","blue"
"REG1A","blue"
"ALB","blue"
"FAM24B-CUZD1","blue"
"AMY1C","blue"
"LOC100506281","blue"
"KLK1","blue"
"AMY1B","blue"
"CTRL","blue"
"RBPJL","blue"
"TSIX","green"
"PDIA2","blue"
"SERPINI2","blue"
"PRSS3","blue"
"INS","pink"
"ERP27","blue"
"DMBT1","yellow"
"REG3A","blue"
"REG1B","blue"
"TFF2","yellow"
"MUC5AC","yellow"
"CEACAM5","brown"
"S100P","brown"
"AQP8","blue"
"RNA18SN1","cyan"
"GCG","pink"
"PGC","grey"
"POSTN","turquoise"
"MT-RNR1","cyan"
"RNA18SN4","cyan"
"CLCA1","salmon"
"RNA18SN2","cyan"
"USP9Y","grey"
"RNA18SN5","cyan"
"GATM","blue"
"RNA18SN3","cyan"
"UTY","grey"
"PPY","grey"
"MUC2","salmon"
"TFF1","yellow"
"FGL1","blue"
"AQP12B","blue"
"RPS4Y1","grey"
"MUC16","turquoise"
"MUC6","blue"
"EGF","blue"
"SERPINB5","brown"
"MUCL3","yellow"
"RNA5-8SN4","cyan"
"CTSE","yellow"
"SPINK4","salmon"
"REG4","yellow"
"CEACAM6","brown"
"SI","magenta"
"KDM5D","grey"
"OLFM4","turquoise"
"MUC17","yellow"
"KRT17","greenyellow"
"TMPRSS4","brown"
"PKHD1","blue"
"DUOX2","brown"
"CDH17","yellow"
"DDX3Y","grey"
"SPINK1","blue"
"SLC4A4","blue"
"COL17A1","brown"
"COL11A1","turquoise"
"112268284","cyan"
"SLC6A14","brown"
"RNA5-8SN3","cyan"
"CLDN18","yellow"
"MMP11","turquoise"
"IAPP","blue"
"REG3G","blue"
"GALNT5","brown"
"AGR2","yellow"
"LOC105372815","yellow"
"DEFA5","salmon"
"TXLNGY","grey"
"MT-TA","grey"
"ANPEP","blue"
"CFTR","blue"
"PIGR","yellow"
"VSIG1","yellow"
"AQP12A","blue"
"TTR","pink"
"INHBA","turquoise"
"RNA28SN3","cyan"
"AKR1B10","yellow"
"MT1G","blue"
"GKN1","grey"
"MMP1","brown"
"DEFA6","salmon"
"FN1","turquoise"
"DSG3","greenyellow"
"SLCO5A1","cyan"
"CXCL5","brown"
"GSTA2","blue"
"SLC16A12","blue"
"LYZ","yellow"
"LAMC2","brown"
"COL1A1","turquoise"
"FXYD3","brown"
"TFF3","yellow"
"MT-RNR2","cyan"
"IGHG1","purple"
"KCNJ16","blue"
"TCN1","brown"
"FER1L6","yellow"
"IGKC","purple"
"INS-IGF2","pink"
"MUC5B","yellow"
"ANXA10","yellow"
"MUC13","yellow"
"ANKRD62","blue"
"SLC39A5","blue"
"CDHR2","yellow"
"APOB","magenta"
"APOA4","magenta"
"TSPAN1","brown"
"SLC1A2","blue"
"MATN4","blue"
"ONECUT1","blue"
"IGHG2","purple"
"LAMB3","brown"
"REG1CP","blue"
"PLIN4","green"
"F11","blue"
"ELAPOR1","blue"
"PDK4","blue"
"TMPRSS15","magenta"
"TMED11P","blue"
"AOC1","yellow"
"PM20D1","blue"
"PCK1","magenta"
"CAPN8","yellow"
"RNA45SN1","cyan"
"AOX1","blue"
"GCNT3","yellow"
"ADIPOQ","green"
"TRHDE","blue"
"SNORA68","red"
"COL3A1","turquoise"
"KRT6A","greenyellow"
"DPEP1","blue"
"GNMT","blue"
"TSPAN8","yellow"
"GABRP","turquoise"
"TM4SF20","yellow"
"RNA45SN5","cyan"
"RNA28SN2","cyan"
"TMC5","yellow"
"CLPSL1","blue"
"LGALS4","yellow"
"NR5A2","blue"
"CHGB","pink"
"COL8A1","turquoise"
"GREM1","turquoise"
"SFN","brown"
"SULT1B1","yellow"
"PAIP2B","blue"
"RNA28SN5","cyan"
"LOC105375587","blue"
"JCHAIN","purple"
"ZBTB16","blue"
"SULF1","turquoise"
"MMP7","turquoise"
"THBS2","turquoise"
"IGHA1","purple"
"ZFY","grey"
"RNA5-8SN1","cyan"
"WNK2","blue"
"PLA2G2A","salmon"
"RNA45SN3","cyan"
"SDR16C5","brown"
"SLPI","brown"
"PAK3","blue"
"C6","blue"
"MSLN","brown"
"LCN2","brown"
"PLAC8","yellow"
"LOC105373359","blue"
"RNA28SN4","cyan"
"RNA28SN1","cyan"
"FABP4","green"
"SLC30A2","blue"
"PSCA","brown"
"KIF1A","blue"
"LOC105376767","blue"
"C7","tan"
"IGHA2","purple"
"COL1A2","turquoise"
"VCAN","turquoise"
"CHGA","pink"
"EPS8L3","yellow"
"S100A6","brown"
"IGHG3","purple"
"PLIN1","green"
"LINC00261","blue"
"SPX","blue"
"IGHG4","purple"
"SFRP2","turquoise"
"CTHRC1","turquoise"
"SNORA54","red"
"COMP","turquoise"
"RNA45SN4","cyan"
"BCAS1","yellow"
"MYO1A","yellow"
"PTF1A","blue"
"SLC2A1","brown"
"BHLHA15","blue"
"DHRS9","brown"
"MATN3","turquoise"
"GPT2","blue"
"GPRC5A","brown"
"HOMER2","blue"
"SCEL","brown"
"CDH3","greenyellow"
"ANXA8","greenyellow"
"LOC105379749","blue"
"SAA1","green"
"CYP2C18","yellow"
"GJB2","turquoise"
"KRT19","brown"
"IGLC2","purple"
"CXCL8","turquoise"
"SLC30A8","pink"
"RNA45SN2","cyan"
"AMBP","blue"
"ADGRF1","brown"
"SPP1","turquoise"
"MIR217HG","blue"
"MUC3A","yellow"
"H1-5","brown"
"FCGBP","yellow"
"SNORD3A","red"
"ALDOB","magenta"
"MEP1A","magenta"
"KRT20","yellow"
"MYH11","green"
"UGT2A3","blue"
"NQO1","brown"
"UGT1A10","brown"
"ERN2","yellow"
"CSMD3","blue"
"HMGCS2","yellow"
"NTRK2","tan"
"DKK1","brown"
"ADH1B","tan"
"TPST2","blue"
"C19orf33","brown"
"RNA5-8SN2","cyan"
"AHNAK2","turquoise"
"DSC3","greenyellow"
"ANXA8L1","greenyellow"
"ST6GALNAC1","yellow"
"SLC5A1","yellow"
"BRSK2","blue"
"KLK7","brown"
"GSTA1","blue"
"FAM3D","yellow"
"MT-TN","grey"
"PADI1","turquoise"
"S100A2","greenyellow"
"ITGB6","brown"
"GKN2","grey"
"CBS","blue"
"SNORA80B","red"
"MISP","yellow"
"MMP12","brown"
"SLC44A4","yellow"
"FXYD2","blue"
"LINC02532","blue"
"112268313","blue"
"C2CD4B","blue"
"TNC","turquoise"
"DCDC2","blue"
"FABP2","yellow"
"CRISP3","grey"
"IGLC3","purple"
"PEX5L","blue"
"SLC26A3","magenta"
"P2RX1","blue"
"SCTR","blue"
"IGKV3-20","purple"
"TM4SF4","magenta"
"TRIM31","yellow"
"KRT16","brown"
"HPN","blue"
"CTNND2","blue"
"C6orf58","salmon"
"MYO7B","yellow"
"NPHS1","blue"
"TEX11","blue"
"MTTP","magenta"
"MME","brown"
"GPHA2","blue"
"CYP2C19","yellow"
"LOC389602","yellow"
"LY6D","greenyellow"
"MYBPC1","grey"
"NRCAM","blue"
"SERPINA5","blue"
"SFRP4","turquoise"
"MUC4","brown"
"SNORA71D","red"
"CD55","brown"
"IGFBP2","blue"
"CORO2A","yellow"
"ANLN","brown"
"LOC102724560","blue"
"DES","green"
"SFRP5","blue"
"TRIM29","greenyellow"
"FABP1","yellow"
"TGM2","turquoise"
"DPP10","blue"
"SST","pink"
"ADIPOQ-AS1","green"
"TOP2A","brown"
"KRT5","greenyellow"
"UGT2B15","grey"
"LCT","magenta"
"TNS4","brown"
"WTAPP1","brown"
"TRPV6","blue"
"TMEM45B","yellow"
"CYP3A4","magenta"
"LOC105373791","turquoise"
"PCDH7","turquoise"
"KIRREL2","blue"
"IGHM","purple"
"COL5A1","turquoise"
"LOC105377862","blue"
"KLF15","blue"
"ACADL","blue"
"LOC101928535","blue"
"MMP13","brown"
"BTG2","blue"
"EGLN3","brown"
"FAM177B","yellow"
"GPX2","yellow"
"FNDC1","turquoise"
"IGFBP3","turquoise"
"COL5A2","turquoise"
"OLR1","turquoise"
"EIF1AY","grey"
"IGHGP","purple"
"SULT1C2","yellow"
"S100A14","yellow"
"XDH","brown"
"RNY3","red"
"VSIG2","yellow"
"SLC17A4","blue"
"TTTY15","grey"
"GPD1","green"
"ACTA2","turquoise"
"HPGD","yellow"
"LOC100507412","magenta"
"CRP","grey"
"SLC43A1","blue"
"PI15","turquoise"
"GUCA1C","blue"
"LOC105370733","blue"
"IGHV3-7","purple"
"LOC107986855","blue"
"IGKV1-5","purple"
"LOC107984701","grey"
"RNASE1","blue"
"FAM3B","blue"
"IGFN1","blue"
"RNA5-8SN5","cyan"
"H2AC14","brown"
"LEP","green"
"CIDEC","green"
"B3GNT3","brown"
"LINC01559","brown"
"CST1","brown"
"DPT","tan"
"TMED6","blue"
"CCKBR","blue"
"ADAMTS12","turquoise"
"SNORA80A","red"
"IGKV3-11","purple"
"ERO1B","blue"
"FOSB","black"
"SNORA64","red"
"ADGRG7","yellow"
"LOC105374197","blue"
"ADGRV1","blue"
"FLRT2","blue"
"107985902","blue"
"IL22RA1","blue"
"AGR3","yellow"
"AZGP1","blue"
"BCAT1","blue"
"CP","brown"
"RNY1","red"
"SNORA3A","red"
"COXFA4L3","brown"
"CYP2C9","yellow"
"BNIP3","blue"
"CA9","brown"
"DUOXA2","brown"
"UBD","turquoise"
"PWWP3B","blue"
"COL12A1","turquoise"
"PLIN5","blue"
"PHGR1","yellow"
"MT1H","blue"
"LOC100132154","brown"
"ITGA2","brown"
"SNORA50C","red"
"KRT23","turquoise"
"SIM1","blue"
"LOC112268252","brown"
"MIR3606","turquoise"
"RPS29","blue"
"CXCL12","blue"
"BACE1","blue"
"SLC6A19","magenta"
"IYD","yellow"
"PRAP1","yellow"
"LOC105375087","blue"
"FXYD6-FXYD2","blue"
"IFI27","brown"
"GRPR","blue"
"BNIP5","yellow"
"CDH11","turquoise"
"F8","blue"
"SNORD10","red"
"SNORA57","red"
"GPA33","yellow"
"CCN4","turquoise"
"MGAM2","yellow"
"SLC9A2","yellow"
"CDR1","green"
"PSAT1","blue"
"LRRC31","yellow"
"GYS2","blue"
"MKI67","brown"
"SLC38A3","blue"
"SNORA63","red"
"FUT9","blue"
"CCDC141","blue"
"MT-TC","grey"
"UGT2B7","yellow"
"SMIM24","yellow"
"ATP4A","blue"
"CCL20","brown"
"ONECUT2","yellow"
"SLC16A10","blue"
"IGKV1-9","purple"
"AREG","brown"
"CHRM3","blue"
"HCG21","yellow"
"EREG","greenyellow"
"LAMA3","brown"
"LINC00671","blue"
"SERPINB3","greenyellow"
"SNORA7B","red"
"ADAM12","turquoise"
"SPARC","turquoise"
"IGLV2-23","purple"
"IGKJ4","purple"
"KCNK3","blue"
"TMEM97","blue"
"IGKV4-1","purple"
"LOC105369165","blue"
"MAT1A","blue"
"TMEM52","blue"
"SERPINA3","blue"
"PRKY","grey"
"FAP","turquoise"
"TDH","blue"
"EPB41L4B","blue"
"CPS1","magenta"
"LTF","blue"
"ADAM7","blue"
"MMP28","brown"
"FAM83A","greenyellow"
"MT1M","black"
"SERPINA1","yellow"
"ACTA2-AS1","turquoise"
"H2AC13","brown"
"NUPR1","blue"
"ITLN1","salmon"
"SYBU","blue"
"IGHV3-48","purple"
"LINC01133","yellow"
"IGLL5","purple"
"APOA1","magenta"
"CNPY3-GNMT","blue"
"CLRN3","yellow"
"ANXA13","yellow"
"112268430","turquoise"
"ACTG2","green"
"LOC285191","blue"
"ARMC3","blue"
"LOC105370221","blue"
"GPR35","yellow"
"LINC01614","turquoise"
"MT1X","black"
"SNORD3C","red"
"SCGN","pink"
"MT2A","black"
"CENPF","brown"
"MEDAG","turquoise"
"F5","yellow"
"SCD","turquoise"
"MTMR11","brown"
"SMIM31","yellow"
"ESRRG","blue"
"IGHV3-23","purple"
"LOC105370928","blue"
"VNN1","yellow"
"SNORD3B-2","red"
"LINC01152","blue"
"CDK1","brown"
"MT-ATP8","cyan"
"CYP2S1","yellow"
"MFAP5","turquoise"
"G6PC2","pink"
"LINC01624","blue"
"TRHDE-AS1","blue"
"SNORA7A","red"
"SNORA52","red"
"IGFBP5","turquoise"
"SLC7A11","red"
"UGT1A6","brown"
"SLC7A2","blue"
"HEPH","brown"
"SERPINA4","blue"
"OLFML2B","turquoise"
"IGLC1","purple"
"KYNU","turquoise"
"MALL","brown"
"CA2","magenta"
"LMO3","blue"
"SERPINB2","turquoise"
"GPR87","greenyellow"
"RARRES1","brown"
"FREM1","blue"
"KRT13","greenyellow"
"CDHR5","yellow"
"ACSL5","yellow"
"PROX1","blue"
"APOBEC1","yellow"
"NTM","turquoise"
"CLDN10","blue"
"CRIP1","brown"
"C18orf61","blue"
"SNORA79B","red"
"LGALS2","blue"
"IGHV3-33","purple"
"KIF26B","turquoise"
"ASPM","brown"
"CAPN9","yellow"
"APOC1","turquoise"
"IGKJ1","purple"
"HEPACAM2","salmon"
"SEMA3C","turquoise"
"H3C3","brown"
"ALPI","magenta"
"BGN","turquoise"
"COL7A1","greenyellow"
"GAMT","blue"
"CSKMT","red"
"MFSD2A","brown"
"B3GNT6","yellow"
"A1CF","blue"
"ZG16B","yellow"
"RRM2","brown"
"RNU5B-1","red"
"PLAU","turquoise"
"RYR2","blue"
"TGFBI","brown"
"HS3ST1","brown"
"UGT1A1","brown"
"MMP3","brown"
"AQP5","yellow"
"CCL24","brown"
"BEX1","blue"
"OASL","brown"
"LEFTY1","blue"
"ANTXR1","turquoise"
"IGKJ2","purple"
"UGT2B17","magenta"
"GDA","yellow"
"APOL1","brown"
"CCDC80","turquoise"
"KCNJ5","blue"
"H3C2","brown"
"ABCA13","brown"
"PTGIS","turquoise"
"IGFL2","turquoise"
"FLNC","turquoise"
"TP63","greenyellow"
"ABAT","blue"
"LGALS3","brown"
"CHRDL1","green"
"CILP","turquoise"
"C3","turquoise"
"GCAT","blue"
"PRLR","blue"
"GPNMB","turquoise"
"SNORD3D","red"
"CA12","blue"
"SLC38A5","blue"
"RBP2","magenta"
"HMOX1","black"
"SLC13A2","magenta"
"FOXL1","brown"
"PTGS2","turquoise"
"HOPX","turquoise"
"KLF5","brown"
"SNORD94","red"
"GRB14","blue"
"CD109","turquoise"
"CKS2","brown"
"HSPA1B","black"
"MT-ND3","cyan"
"H3C15","brown"
"H3C14","brown"
"TNXB","green"
"LOC105376938","greenyellow"
"COL6A3","turquoise"
"SNORD3B-1","red"
"ACE2","magenta"
"LOC107985244","blue"
"IGHV4-59","purple"
"TNFRSF11B","brown"
"IL1RN","brown"
"BMAL2","brown"
"MT-ND1","cyan"
"NR4A1","black"
"ADAMTS4","turquoise"
"NRP2","turquoise"
"LOC105369608","blue"
"MT-ATP6","cyan"
"LPL","green"
"DDC","blue"
"CHAC1","blue"
"COL10A1","turquoise"
"HBA2","black"
"OAS1","brown"
"LOC101929124","blue"
"IGHV3-74","purple"
"IGHV3-21","purple"
"CLU","blue"
"GGT6","blue"
"IGLJ2","purple"
"IGHV3-30","purple"
"MTRNR2L8","cyan"
"MGAM","magenta"
"NPY1R","blue"
"KCNN4","brown"
"LEMD1","brown"
"MALRD1","yellow"
"TACSTD2","turquoise"
"TRIM15","yellow"
"SNORA48","red"
"NOX4","turquoise"
"ANOS1","turquoise"
"LRRC15","turquoise"
"SARDH","blue"
"CHST9","blue"
"SDC1","brown"
"STYK1","brown"
"MIA","brown"
"LOC105375539","blue"
"NUCB2","blue"
"IGKV2-28","purple"
"LINC01610","blue"
"ASPN","turquoise"
"PROM1","grey"
"ABCC8","pink"
"LEF1","turquoise"
"NNMT","turquoise"
"LPAR3","blue"
"MT-TY","grey"
"HSPA1A","black"
"USH1C","yellow"
"LINC01754","blue"
"PAH","blue"
"VIPR2","blue"
"ATP10B","yellow"
"SLC15A1","magenta"
"CTSK","turquoise"
"MIR31HG","brown"
"AKR7A3","magenta"
"GLP1R","blue"
"CRABP2","greenyellow"
"CR2","turquoise"
"LUM","turquoise"
"MS4A8","yellow"
"NPC1L1","yellow"
"KLK10","brown"
"KCNK1","yellow"
"IL6","black"
"TPX2","brown"
"SERPINE1","turquoise"
"PRRX1","turquoise"
"NIBAN1","blue"
"JPT1","brown"
"IGKJ3","purple"
"RIMS1","blue"
"SEMA7A","brown"
"CXCL17","grey"
"RN7SL3","blue"
"GMNN","blue"
"MDK","brown"
"LOC107986324","blue"
"TFPI2","blue"
"HBB","black"
"CYP1B1","turquoise"
"ANXA1","turquoise"
"DPYSL3","turquoise"
"FBN1","turquoise"
"NR1I2","yellow"
"HOXA13","brown"
"DAZ1","grey"
"IGKV1-39","purple"
"TNFAIP6","turquoise"
"HK2","brown"
"RBP1","blue"
"LOC105374786","blue"
"CLDN2","yellow"
"EDIL3","turquoise"
"EDNRA","turquoise"
"CEACAM7","brown"
"TDH-AS1","blue"
"F13A1","turquoise"
"AEBP1","turquoise"
"LINC01238","blue"
"CEACAM1","yellow"
"FOLH1","magenta"
"PGGHG","blue"
"CYP4F3","brown"
"KLK6","brown"
"IGF1","turquoise"
"MGP","turquoise"
"HBA1","black"
"WFDC2","brown"
"SCTR-AS1","blue"
"KRT15","greenyellow"
"GOLGA8B","blue"
"FGFBP1","brown"
"FER1L4","brown"
"MAD2L1","brown"
"SLC22A3","brown"
"HSPA6","black"
"SNORA46","red"
"SLC28A2","magenta"
"ITGB4","brown"
"H2AC11","brown"
"IGHV1-18","purple"
"SEMA3A","turquoise"
"CCL2","green"
"CHP2","magenta"
"FUT1","blue"
"DAZ4","grey"
"ALKAL2","blue"
"NEK2","brown"
"TIMP1","turquoise"
"EPSTI1","turquoise"
"MYCL","blue"
"FCGR3A","turquoise"
"APOC3","magenta"
"SCGB3A1","grey"
"G0S2","turquoise"
"PTPRN","pink"
"LINC03141","blue"
"BTNL8","yellow"
"RGS2","blue"
"RAB31","turquoise"
"SDCBP2","yellow"
"ANKS4B","yellow"
"MEP1B","magenta"
"ITGA3","greenyellow"
"IGHV4-39","purple"
"SCARA5","green"
"ARHGDIG","blue"
"MYL9","turquoise"
"DAZ2","grey"
"PLAT","turquoise"
"LOC105376917","blue"
"IGHV3-72","purple"
"TRI-AAT2-1","black"
"AADAC","magenta"
"KCNJ15","blue"
"RBM20","blue"
"ADAMTS2","turquoise"
"DAZ3","grey"
"STC2","blue"
"GJB3","brown"
"DEFB1","blue"
"KRT7","turquoise"
"SNORA20","red"
"ADH1C","magenta"
"KCTD16","blue"
"MT-ND2","cyan"
"IGLV2-14","purple"
"SNORA71B","red"
"PRELP","green"
"IFI6","brown"
"MIR147B","brown"
"MYEOV","brown"
"IGKV2D-28","purple"
"SORBS2","blue"
"LOX","turquoise"
"MIR3648-2","grey"
"IL1R2","turquoise"
"SPDEF","yellow"
"MMP2","turquoise"
"PTPRR","brown"
"SAA2","green"
"SHH","brown"
"GUCY2C","yellow"
"PKP1","greenyellow"
"C5orf46","turquoise"
"HS6ST3","blue"
"VILL","yellow"
"IGHV1-69D","purple"
"UGT1A5","brown"
"APOE","turquoise"
"COL14A1","turquoise"
"MPV17L","blue"
"MT1A","black"
"ARSL","blue"
"ADAMTS14","turquoise"
"IGHJ4","purple"
"MIR23AHG","black"
"CRYBG2","yellow"
"SLC11A1","turquoise"
"HMMR","brown"
"OGN","green"
"IGKV3-15","purple"
"MIR3648-1","grey"
"LY75","brown"
"COL28A1","blue"
"PEG10","blue"
"BIRC5","brown"
"NLGN4Y","grey"
"FGG","grey"
"SCG3","pink"
"SLC9A4","yellow"
"HHLA2","yellow"
"MS4A1","turquoise"
"ZNF469","turquoise"
"KSR1","blue"
"RNU4-1","red"
"SNORA49","red"
"KIF12","blue"
"SNORA9","red"
"MIR205HG","greenyellow"
"EFNA5","turquoise"
"MT-ND4","cyan"
"C11orf86","yellow"
"GC","blue"
"C5","blue"
"MRC1","turquoise"
"SLC26A9","grey"
"ABHD17C","brown"
"OAS2","brown"
"CCDC110","blue"
"UGT1A4","brown"
"SLIT3","green"
"BUB1","brown"
"S100A4","turquoise"
"CCK","yellow"
"DGAT2","green"
"CYP4F12","yellow"
"OR6T1","blue"
"ALDH3A1","brown"
"PLPP4","turquoise"
"112268447","turquoise"
"SEL1L","blue"
"THY1","turquoise"
"ITGBL1","turquoise"
"IMPA2","blue"
"GATA4","blue"
"LOC105370224","blue"
"KNL1","brown"
"AK4","turquoise"
"IGKV1-33","purple"
"IQGAP3","brown"
"CCL18","turquoise"
"FAM3D-AS1","yellow"
"MST1L","blue"
"EGR1","black"
"RTKN2","brown"
"UBE2C","brown"
"S100A11","brown"
"MSR1","turquoise"
"MT1E","black"
"MBOAT2","brown"
"WDR72","yellow"
"PPARG","brown"
"SYNPO2","green"
"CLMAT3","turquoise"
"HRH1","brown"
"100506621","turquoise"
"FGFR3","blue"
"RGN","blue"
"PTGDS","green"
"ABCA8","tan"
"RORC","blue"
"UNC80","pink"
"MYH7","blue"
"COL16A1","brown"
"SNORA23","red"
"LINC01829","blue"
"H4C12","brown"
"UGT1A3","brown"
"IGHJ5","purple"
"UGT1A7","brown"
"PLS1","yellow"
"USP32P1","grey"
"SCARNA5","red"
"SYT8","turquoise"
"UGT1A9","brown"
"TRARG1","green"
"NPR3","turquoise"
"ALDH1L2","blue"
"FAM83E","yellow"
"FBXW12","blue"
"DEPP1","blue"
"SNORA77B","red"
"CASR","blue"
"COL8A2","turquoise"
"LRRC66","yellow"
"MUC15","blue"
"LAMP5","turquoise"
"PLAUR","brown"
"ST6GAL2","turquoise"
"CELSR1","turquoise"
"LOC105377847","blue"
"IGLV1-47","purple"
"PSORS1C3","blue"
"ADGRL3","green"
"SCN7A","tan"
"IGHV3-15","purple"
"TMEM225","blue"
"SELE","turquoise"
"LGALS1","turquoise"
"MUC1","red"
"ADAMTS6","turquoise"
"CCNB1","brown"
"CCDC198","blue"
"TCEA3","blue"
"ERAP2","greenyellow"
"VTCN1","blue"
"KLK11","red"
"SLC2A5","magenta"
"PRDX4","blue"
"CERS4","blue"
"NPTX1","brown"
"UGT1A8","brown"
"YIF1B","brown"
"ATP1A2","green"
"IGHV1-69","purple"
"KLK8","brown"
"CLDN4","brown"
"H4C11","brown"
"SEZ6L","pink"
"SFRP1","green"
"SERTAD4BP","pink"
"GBA3","magenta"
"CD36","green"
"ECT2","brown"
"NOS2","magenta"
"CLCA4","greenyellow"
"105373323","blue"
"CALB1","greenyellow"
"AKR1C3","brown"
"102724852","green"
"SLC16A3","brown"
"MLPH","yellow"
"SLITRK6","brown"
"RNU5A-1","red"
"IGHV3-53","purple"
"HMGA2","brown"
"LOC285804","blue"
"IGHV1-2","purple"
"TPH1","pink"
"LAPTM5","turquoise"
"CXCL9","turquoise"
"MMP9","greenyellow"
"ADAMDEC1","brown"
"PTTG1","brown"
"FBLN1","turquoise"
"ECE2","blue"
"PLEK2","brown"
"H1-3","brown"
"LOC107985362","yellow"
"LOC101927531","blue"
"MAL2","yellow"
"IGKV1D-39","purple"
"SNORA31B","red"
"AMIGO2","turquoise"
"OTC","magenta"
"IGHV1-3","purple"
"PIK3C2G","grey"
"ATP13A4","blue"
"CEP55","brown"
"SNAI2","turquoise"
"CLDN3","blue"
"ADAM28","brown"
"HS6ST2","blue"
"FGFR1","blue"
"RARRES2","blue"
"CYP3A5","yellow"
"SNORD15B","red"
"PITX1","brown"
"SCARNA10","red"
"LOC101928034","turquoise"
"OMD","turquoise"
"STRA6","turquoise"
"GSKIP","brown"
"LOC105369370","brown"
"GAD2","pink"
"SNORD22","red"
"ERRFI1","blue"
"MT-ND4L","cyan"
"H19","green"
"NT5E","brown"
"SNORA2C","red"
"NMNAT2","black"
"ITGAX","turquoise"
"RNF186","blue"
"PRR4","black"
"PDCD4","blue"
"RNU1-2","red"
"C3orf85","magenta"
"SH3D21","yellow"
"FOSL1","black"
"HABP2","blue"
"AQP1","blue"
"RUNX1","turquoise"
"IGKV1-12","purple"
"MIR1291","red"
"ZFP36","black"
"FCGR2A","turquoise"
"SYT13","yellow"
"ENPP1","blue"
"NOS1","blue"
"SIGLEC11","blue"
"FAM83D","brown"
"SLC6A20","yellow"
"NTRK3","green"
"RAB27B","yellow"
"LMOD1","green"
"FXYD5","brown"
"NEURL1","blue"
"UNC79","blue"
"ADAM19","turquoise"
"GFPT2","turquoise"
"MT-ND6","cyan"
"DLGAP5","brown"
"MXRA5","turquoise"
"LIF","turquoise"
"CAPN5","yellow"
"STRIP2","brown"
"TRK-CTT2-2","black"
"CYS1","blue"
"LOC102723517","blue"
"TPM2","turquoise"
"SLC25A25","blue"
"AKR1C2","turquoise"
"GLDN","turquoise"
"MYOCD","green"
"DMD","blue"
"PLAAT5","blue"
"FBN2","brown"
"FERMT1","brown"
"APLP1","blue"
"PCSK1N","pink"
"THBS1","turquoise"
"EMB","brown"
"TMC7","brown"
"MST1R","yellow"
"NMU","brown"
"CFTR-AS1","blue"
"SEMA6D","blue"
"GFRA1","blue"
"CXCL6","grey"
"IGKV1-17","purple"
"ARL14","yellow"
"RN7SL1","blue"
"107987206","blue"
"RAP1GAP","blue"
"LOC112268127","blue"
"HEYL","blue"
"MT-TP","grey"
"CHST5","yellow"
"DTNA","blue"
"KLB","blue"
"HLA-DRB5","turquoise"
"AGMO","brown"
"SCARNA6","red"
"SNORA47","blue"
"PCSK1","pink"
"IL20RB","greenyellow"
"COCH","blue"
"IGLV2-11","purple"
"MAP1B","turquoise"
"HSD17B2","yellow"
"OCIAD2","brown"
"LOC112268153","blue"
"PM20D1-AS1","blue"
"MT1F","blue"
"SNORD97","red"
"FHL2","brown"
"KIF4A","brown"
"H3C10","brown"
"PLAAT4","brown"
"ANO1","turquoise"
"SPON1","turquoise"
"RN7SL2","blue"
"LOC105378179","blue"
"CDH13","turquoise"
"KANK4","blue"
"PHGDH","blue"
"CTNNA2","blue"
"DHRS2","blue"
"CNN1","turquoise"
"CLDN1","grey"
"PER1","blue"
"SNORA12","red"
"FLNA","turquoise"
"SLCO1B3","greenyellow"
"MT-ND5","cyan"
"CHST6","brown"
"101928875","blue"
"ECM1","brown"
"REP15","yellow"
"ZG16","magenta"
"TNFAIP2","turquoise"
"NR4A2","black"
"DEPDC1","brown"
"MIR7705","red"
"SDK1","blue"
"SDS","turquoise"
"SNORA73B","red"
"IGLV3-19","purple"
"HBD","black"
"LINC02568","blue"
"CEMIP","brown"
"SV2B","blue"
"PI16","green"
"HKDC1","yellow"
"STMN2","pink"
"SNORA74A","brown"
"SPOCK1","turquoise"
"H2BC13","brown"
"FMO5","yellow"
"UPK1B","grey"
"XAF1","turquoise"
"CTSS","brown"
"DCN","turquoise"
"RETNLB","salmon"
"BTD","magenta"
"HOGA1","blue"
"C11orf96","turquoise"
"IFI44L","turquoise"
"SLC6A6","turquoise"
"IGLV1-44","purple"
"CAMK1G","black"
"IGHJ6","purple"
"PCDH9","tan"
"PGBD5","blue"
"GRB10","blue"
"FAM83B","brown"
"HGD","blue"
"APOD","green"
"TRBV7-4","blue"
"ADAMTSL3","tan"
"SLC25A45","blue"
"CLCA2","greenyellow"
"PCSK2","pink"
"PTK7","turquoise"
"SLC2A2","magenta"
"SYTL2","brown"
"CDCA7","brown"
"ADIRF","green"
"CXCR4","turquoise"
"LINC02477","blue"
"ALPK2","turquoise"
"VLDLR","blue"
"LOC105372884","blue"
"PCOLCE2","turquoise"
"AKAP12","turquoise"
"CALD1","turquoise"
"LINC01705","turquoise"
"TRBV7-6","blue"
"DGCR5","blue"
"ISLR","turquoise"
"DSG2","brown"
"S100A8","turquoise"
"SNTG2","blue"
"FGF7","turquoise"
"XPNPEP2","magenta"
"TRIM50","blue"
"CPXM1","turquoise"
"ITGA11","turquoise"
"EPYC","turquoise"
"COL22A1","turquoise"
"RNU1-4","red"
"SNORA73A","red"
"SLC2A3","turquoise"
"CSTA","turquoise"
"GDF10","blue"
"IGKJ5","purple"
"BCAN-AS1","brown"
"FKBP5","blue"
"FHL5","green"
"ELN","tan"
"SNORA17B","red"
"TENT5C","blue"
"MKNK1","blue"
"S100A16","brown"
"ENO2","brown"
"DUOXA1","brown"
"F11-AS1","blue"
"SPSB4","blue"
"PRR15","yellow"
"IGHV3-11","purple"
"CFAP221","blue"
"PXDN","turquoise"
"RFLNA","yellow"
"SNORA70","red"
"MIR1248","red"
"HUNK","blue"
"ICAM1","turquoise"
"RNF212","blue"
"H2BC11","brown"
"AKAP7","blue"
"SNORD133","red"
"MPZL2","brown"
"HSPB7","green"
"MUC5B-AS1","yellow"
"TC2N","blue"
"SFTA2","brown"
"PTX3","blue"
"CREB3L3","magenta"
"ACKR1","green"
"MOGAT2","magenta"
"COLEC12","turquoise"
"CCL21","turquoise"
"ADCY1","blue"
"H2BC3","brown"
"PDLIM7","turquoise"
"TRBV7-5","blue"
"APCS","grey"
"HNF4G","yellow"
"CYP24A1","greenyellow"
"ITIH4","blue"
"LONRF2","blue"
"TRBV6-8","blue"
"TTTY14","grey"
"VEPH1","blue"
"SMIM38","blue"
"BICDL2","blue"
"CRACR2B","blue"
"LIFR","blue"
"PI3","brown"
"SLCO4A1","brown"
"SLC16A1","brown"
"PTPRN2","blue"
"MARCO","turquoise"
"NDNF","brown"
"RAB3D","blue"
"FHL1","green"
"CAVIN1","turquoise"
"CAMK2N1","brown"
"SERPINH1","turquoise"
"CXCL14","brown"
"GPC6","turquoise"
"PLEKHH3","blue"
"EFNB1","brown"
"HAS2","turquoise"
"TTK","brown"
"IGKV3D-20","purple"
"NEUROD1","pink"
"FBLN2","turquoise"
"PRUNE2","salmon"
"HMCN2","green"
"SLC41A1","blue"
"SUCNR1","turquoise"
"CLDN7","yellow"
"FAM107A","tan"
"DIO2","turquoise"
"SERPINE2","turquoise"
"NEURL3","blue"
"MMP14","turquoise"
"SCARNA12","red"
"CCL19","turquoise"
"PMAIP1","brown"
"SNORA37","red"
"TRK-TTT3-1","black"
"EPHX2","blue"
"XKR9","yellow"
"TAGLN","turquoise"
"MT-CYB","cyan"
"DQX1","yellow"
"RSAD2","turquoise"
"AOC3","turquoise"
"FSTL1","turquoise"
"NR4A3","turquoise"
"NRXN1","pink"
"LOC105369919","blue"
"COQ8A","blue"
"SERPINA6","blue"
"SOCS3","turquoise"
"ANKRD40CL","yellow"
"PSMB9","brown"
"CYP3A43","blue"
"CSDC2","blue"
"FIRRE","blue"
"TRR-CCT3-1","black"
"FYB1","turquoise"
"107984338","black"
"H2AC16","brown"
"MEG3","tan"
"MYOM1","blue"
"SCIN","yellow"
"CECR2","blue"
"H2AC18","brown"
"LOC105375647","yellow"
"ADCYAP1","pink"
"MAP1A","turquoise"
"UMOD","blue"
"KIF14","brown"
"SPEG","green"
"HLA-DRA","turquoise"
"MTRNR2L2","cyan"
"ST8SIA3","blue"
"BAIAP2L2","yellow"
"FGA","grey"
"NUF2","brown"
"FOXA1","brown"
"SYBU-AS1","blue"
"SAMD9","brown"
"CD248","turquoise"
"ERBB4","blue"
"112267956","blue"
"PGA3","grey"
"FGF14","turquoise"
"SNORA53","red"
"ADAMTSL4","black"
"107987113","blue"
"101928841","green"
"BPIFB1","yellow"
"UBE2T","brown"
"SLC30A10","magenta"
"LSAMP","turquoise"
"MGLL","brown"
"TDO2","turquoise"
"ID4","tan"
"DEPDC1B","brown"
"CLEC5A","turquoise"
"TXN","brown"
"TYMP","turquoise"
"PTPRS","tan"
"FSCN1","greenyellow"
"AFF3","turquoise"
"LAMA4","turquoise"
"IGKV1-13","purple"
"SNORA81","red"
"SLC17A9","brown"
"IGHV4-28","purple"
"SNORA10","red"
"MELK","brown"
"TTN","blue"
"PPP1R14C","brown"
"GJB6","brown"
"LOC102724562","blue"
"PNP","brown"
"WNT7A","turquoise"
"CD68","brown"
"SSTR1","yellow"
"IFI16","turquoise"
"MFAP4","green"
"CDCA2","brown"
"SNORA21","red"
"CDH2","turquoise"
"ITLN2","salmon"
"DCLK1","green"
"PIWIL2","blue"
"LGR5","yellow"
"IGKV1D-13","purple"
"C4B","turquoise"
"TECPR1","blue"
"RNF144A","blue"
"GRAMD1B","yellow"
"CD24","blue"
"GPX3","green"
"CGNL1","blue"
"AQP9","turquoise"
"TMEM131L","blue"
"PBK","brown"
"ONECUT3","yellow"
"LCP1","turquoise"
"SLC34A2","grey"
"TRBV7-7","blue"
"LINC02827","blue"
"ADAM8","brown"
"IGKV1-27","purple"
"TRBV7-9","blue"
"SCG2","pink"
"LY6E","turquoise"
"107984234","blue"
"PGA4","grey"
"SAMSN1","turquoise"
"HMCN1","turquoise"
"TMEM40","greenyellow"
"LOC105369517","brown"
"PPP1R14D","yellow"
"LOC105375166","brown"
"MOXD1","turquoise"
"ARL4C","turquoise"
"LOC105375431","yellow"
"PTGES","greenyellow"
"KRT4","turquoise"
"CMBL","yellow"
"CRACD","yellow"
"HOXB3","turquoise"
"KRT6B","turquoise"
"TM4SF5","yellow"
"TMEM92","brown"
"TRBV6-7","blue"
"ACHE","brown"
"NIPAL1","yellow"
"BTNL3","magenta"
"H2BC17","brown"
"HTRA3","turquoise"
"FOS","black"
"LRP1B","pink"
"MIR3609","red"
"IL2RG","brown"
"CD163","turquoise"
"KCNJ8","blue"
"FAM174B","blue"
"MIR10393","brown"
"DLK1","blue"
"PDGFD","blue"
"CSPG4","green"
"CDC20","brown"
"MDFI","turquoise"
"SLC44A5","red"
"ADA","magenta"
"CAPG","brown"
"H2AC17","brown"
"LOC112268271","pink"
"ZNF331","black"
"GPAM","green"
"H2AC19","brown"
"FAT2","greenyellow"
"LRIG1","blue"
"IRAG1","turquoise"
"SMPD3","yellow"
"C5AR1","turquoise"
"MYOC","green"
"ADAMTS17","blue"
"EFEMP1","turquoise"
"WDR74","grey"
"LOC105372693","salmon"
"PHLDA2","brown"
"BNC2","turquoise"
"COL6A2","turquoise"
"ADAMTS1","green"
"TPRN","blue"
"CATSPERB","blue"
"PCLAF","brown"
"LOC107983981","blue"
"HAPLN3","turquoise"
"IGF2BP3","greenyellow"
"107985883","blue"
"IHH","yellow"
"ITGB3","turquoise"
"TMEM176A","brown"
"AADACP1","brown"
"CAPN13","magenta"
"CDKN3","brown"
"TMEM200A","turquoise"
"DDIT4","blue"
"CEACAM20","magenta"
"CCDC3","green"
"LINC02086","greenyellow"
"MTRNR2L1","cyan"
"TMPRSS2","blue"
"RGS1","turquoise"
"CFAP91","blue"
"CASC9","brown"
"SLC19A3","pink"
"ANGPTL4","grey"
"ANK2","green"
"KLF4","brown"
"HBEGF","black"
"MSRB3","turquoise"
"KLK12","salmon"
"IRAK3","turquoise"
"AASS","blue"
"MAPK8IP1","blue"
"SLCO1B3-SLCO1B7","greenyellow"
"CNKSR3","blue"
"PHYHIPL","blue"
"TUBB3","brown"
"CFD","green"
"CACNA1H","green"
"SNORA8","red"
"IGKV1-6","purple"
"CKMT1B","yellow"
"CDX1","yellow"
"H2AC4","brown"
"PLAAT2","yellow"
"CDH23","blue"
"DAPP1","turquoise"
"SGIP1","turquoise"
"WNT2","turquoise"
"LINC00339","blue"
"FUT3","yellow"
"LOC105379574","red"
"CXCL2","black"
"LIPH","yellow"
"TNNI2","turquoise"
"SIK1","blue"
"CXCL13","greenyellow"
"MIR7-3HG","pink"
"IL1A","greenyellow"
"SLC18A1","salmon"
"CRYAB","green"
"INAVA","yellow"
"GALE","yellow"
"S100A9","turquoise"
"IGHD","purple"
"C3orf70","turquoise"
"CARD11","brown"
"CRISPLD2","turquoise"
"OVOL1","grey"
"PTK6","brown"
"KCNE3","yellow"
"HLA-DQB1","turquoise"
"PLXNA2","blue"
"FST","greenyellow"
"CADM2","pink"
"ESCO2","brown"
"ACACB","blue"
"CD74","turquoise"
"H2AC12","brown"
"ISG15","brown"
"TDRD1","blue"
"LOC105369544","blue"
"SLC9C1","blue"
"C4A","turquoise"
"TBX18","turquoise"
"PEX6","blue"
"SYT4","pink"
"TRBV6-5","blue"
"SNORA74D","red"
"RAD51AP1","brown"
"KLF2","black"
"CES1","green"
"NPY5R","blue"
"RNF128","yellow"
"LMCD1","turquoise"
"RNU4-2","red"
"UBE2R2-AS1","blue"
"AGAP11","green"
"CHST11","turquoise"
"VIP","grey"
"OSM","turquoise"
"TNS1","green"
"IL7R","purple"
"GABRB3","blue"
"TREM1","turquoise"
"IGLV3-21","purple"
"PPP1R1B","yellow"
"LOC105370092","blue"
"TRABD2A","brown"
"IGKV3D-15","purple"
"SSR4","blue"
"CXCL10","brown"
"PALLD","turquoise"
"S100A10","brown"
"CFB","brown"
"FOXA3","blue"
"IGSF9B","turquoise"
"SNORA84","red"
"TRBV5-5","blue"
"SGCD","turquoise"
"LYVE1","green"
"SLC38A4","blue"
"KCND2","turquoise"
"PLCXD3","tan"
"PAX8-AS1","grey"
"MIR3651","red"
"WNT10A","greenyellow"
"JPH2","green"
"IFRD1","blue"
"IGKV1D-33","purple"
"HAVCR1","turquoise"
"HLA-DQA1","turquoise"
"CTH","blue"
"TBC1D2","brown"
"ITGA8","green"
"ROS1","greenyellow"
"283174","turquoise"
"FRZB","salmon"
"CENPK","brown"
"UBASH3B","turquoise"
"SYNE3","green"
"CAMK2N2","blue"
"COL4A1","turquoise"
"ACAN","green"
"BCL2A1","turquoise"
"CENPE","brown"
"LOC105372424","turquoise"
"SLC35G1","magenta"
"CIST1","yellow"
"C10orf55","turquoise"
"SYT16","pink"
"NR0B2","magenta"
"PDZK1IP1","yellow"
"ADTRP","brown"
"ACTC1","green"
"SNORA16A","red"
"CDH6","turquoise"
"HAVCR2","turquoise"
"SLC28A3","blue"
"CFAP97D2","blue"
"KCNE4","turquoise"
"C1QB","turquoise"
"COL4A2","turquoise"
"CPE","pink"
"COL24A1","turquoise"
"REEP1","blue"
"FOXQ1","brown"
"SPTSSB","brown"
"SNORA24","red"
"SNORA71A","red"
"CCDC172","blue"
"LOC107984018","blue"
"ADAMTS15","turquoise"
"PPARGC1A","blue"
"BIK","brown"
"B2M","brown"
"PDZRN4","green"
"FAT3","turquoise"
"PRR15L","yellow"
"FGF10","blue"
"BASP1","turquoise"
"THBS4","turquoise"
"TMSB10","brown"
"RASD1","salmon"
"PDPN","turquoise"
"ID1","brown"
"HHIP","grey"
"CAV1","turquoise"
"MYO15B","yellow"
"LOC102723663","brown"
"EMP1","turquoise"
"SIRT4","red"
"ANKRD22","red"
"ZEB2","turquoise"
"CNTN1","pink"
"SRGN","turquoise"
"ITGB2","turquoise"
"JADE1","blue"
"SLC1A1","yellow"
"MYRIP","blue"
"ATRNL1","blue"
"SLC25A15","blue"
"SUSD5","green"
"EGR3","black"
"SOX21","brown"
"ERN1","blue"
"G6PC1","magenta"
"CCN3","black"
"HID1","blue"
"A4GNT","blue"
"EPHX4","brown"
"FER1L6-AS1","yellow"
"LOC221946","black"
"HCN1","blue"
"BACE1-AS","blue"
"SCARNA16","red"
"MIR6516","red"
"STXBP6","blue"
"FBXO2","blue"
"CKMT1A","yellow"
"FKBP1A-SDCBP2","yellow"
"NOL4","pink"
"TENM4","turquoise"
"MIA-RAB4B","brown"
"LOC107984131","turquoise"
"TMEM119","turquoise"
"SGK1","blue"
"CHST4","blue"
"NGFR","turquoise"
"PADI3","greenyellow"
"LOC105374598","blue"
"PIP5K1B","yellow"
"PTPRC","turquoise"
"CXCL3","turquoise"
"ADCY5","tan"
"IGLV1-40","purple"
"NRK","turquoise"
"SCG5","pink"
"CCDC144A","grey"
"LOC105377319","blue"
"COL4A6","turquoise"
"LOC148696","blue"
"ZDHHC11B","blue"
"107987152","turquoise"
"SCD5","blue"
"MYT1L","pink"
"TRBV6-6","blue"
"105371441","black"
"SYTL5","red"
"AVPR1A","green"
"LOC107986239","blue"
"PRKAR2B","blue"
"BLACAT1","brown"
"CCN5","green"
"TUBA1C","brown"
"SVEP1","tan"
"SLC8A2","blue"
"MMP10","brown"
"LOC101929007","blue"
"COL19A1","blue"
"OTOP3","magenta"
"PLEK","turquoise"
"EPCAM","yellow"
"PVT1","brown"
"LOC102724428","blue"
"H3C13","brown"
"ZNF488","brown"
"MSMB","yellow"
"FRMD6","turquoise"
"ITGA5","turquoise"
"DNAJB1","black"
"FPR3","turquoise"
"PCDH20","salmon"
"TRNP1","yellow"
"TMEM154","brown"
"GJB1","blue"
"CNKSR2","blue"
"DNM3OS","turquoise"
"SLC40A1","yellow"
"IGFBP1","brown"
"MMP19","black"
"MN1","turquoise"
"ADGRF4","brown"
"GLI2","turquoise"
"LINC02688","grey"
"CDX2","yellow"
"SLITRK1","blue"
"PLEKHS1","blue"
"DKK2","turquoise"
"GBP5","turquoise"
"ALOX5AP","turquoise"
"PWRN2","blue"
"MIR29B2CHG","blue"
"AKR1C1","turquoise"
"NHERF4","yellow"
"PROM2","grey"
"SERPINF1","turquoise"
"CADPS","blue"
"RAB3B","turquoise"
"LIPG","brown"
"PTPRQ","blue"
"BICC1","blue"
"VGLL3","turquoise"
"LOC285097","blue"
"RND1","black"
"CRAT","blue"
"P2RY2","brown"
"IL1RAP","greenyellow"
"NBL1","brown"
"SIDT2","blue"
"AFAP1-AS1","brown"
"CCL28","yellow"
"NUSAP1","brown"
"EBF1","green"
"MEI4","blue"
"OAS3","brown"
"LRP8","brown"
"CLDN11","turquoise"
"LUZP2","turquoise"
"SNORA26","red"
"CPLX2","pink"
"MCOLN3","blue"
"IGLV2-28","purple"
"MT-TF","cyan"
"SLC9B2","turquoise"
"GPAT3","purple"
"ADAMTS16","blue"
"IDO1","brown"
"GEM","turquoise"
"ABCC2","magenta"
"APOLD1","green"
"GALNT17","blue"
"PKM","brown"
"MIR216A","blue"
"CASQ2","green"
"ITGA7","green"
"GOLM1","yellow"
"HOXB6","brown"
"AQP7","green"
"PBLD","blue"
"STON2","brown"
"SCARNA28","red"
"PDGFRB","turquoise"
"107984294","turquoise"
"RADIL","blue"
"TPM1-AS","blue"
"RAMP1","blue"
"MPEG1","turquoise"
"HR","yellow"
"PTAFR","turquoise"
"TREM2","turquoise"
"PFKP","brown"
"MROH3P","yellow"
"PLA2G7","turquoise"
"CSF3R","turquoise"
"LOC105379613","blue"
"TRBV5-7","blue"
"PTGR1","brown"
"RBP4","pink"
"HNF1B","blue"
"BST2","turquoise"
"HNF4A","yellow"
"IRF4","turquoise"
"HJURP","brown"
"KLHL6","turquoise"
"TM4SF1","turquoise"
"CCDC68","yellow"
"MS4A10","magenta"
"RIC3","blue"
"105379282","blue"
"SIGLEC1","turquoise"
"IGLV3-25","purple"
"FSIP1","turquoise"
"LOC107984215","blue"
"VWA5B2","pink"
"CCN1","turquoise"
"C1QA","turquoise"
"SNORD13","blue"
"SLC7A11-AS1","red"
"HCP5","brown"
"MYOF","turquoise"
"GOLGA8A","blue"
"SLAMF7","purple"
"RNVU1-1","grey"
"EPHA2","brown"
"ZNF710","blue"
"SYNM","green"
"TRY-GTA5-5","black"
"KAAG1","blue"
"ABCC6","blue"
"ADHFE1","blue"
"AQP3","purple"
"SNORD148","blue"
"EPHB3","blue"
"ABLIM3","turquoise"
"VIM","turquoise"
"NLRC5","turquoise"
"GCNT1","yellow"
"LTBP1","turquoise"
"RPS21","red"
"FIBIN","turquoise"
"SNCG","green"
"DDR2","turquoise"
"DZIP1","blue"
"SLC16A5","brown"
"EMILIN1","turquoise"
"POF1B","yellow"
"XBP1","blue"
"TRL-CAG2-1","black"
"BCL11B","brown"
"USP2","blue"
"IL2RA","turquoise"
"LINC00673","brown"
"PLN","green"
"TMEM47","turquoise"
"COL4A5","greenyellow"
"TIMP3","turquoise"
"ARHGAP23","turquoise"
"RUNX2","turquoise"
"TRH-GTG1-8","black"
"VDR","brown"
"LOC105377524","yellow"
"NPSR1","brown"
"STEAP1","brown"
"MSMO1","brown"
"TMEM51-AS1","blue"
"TRBV11-1","blue"
"CREG2","brown"
"TRBV12-2","blue"
"MELTF","brown"
"NMRAL2P","brown"
"ATP10A","turquoise"
"KCNJ3","grey"
"C9orf152","yellow"
"GSDMC","greenyellow"
"RGPD2","grey"
"PSKH1","blue"
"JUNB","black"
"UNC5D","magenta"
"RELN","green"
"ISG20","yellow"
"FCER1G","turquoise"
"GLRX","brown"
"SYT6","blue"
"MIR100HG","turquoise"
"TINAGL1","brown"
"MYH10","green"
"H2AC25","brown"
"SDK2","turquoise"
"TNFSF15","yellow"
"HTATIP2","brown"
"ARFGEF3","blue"
"HMGA1","brown"
"ELF4","brown"
"CYBRD1","turquoise"
"FMN2","pink"
"IGHV4-61","purple"
"C1S","turquoise"
"PRR11","brown"
"DOCK2","turquoise"
"NHSL2","turquoise"
"KCNK16","pink"
"H2BC9","brown"
"WDFY4","turquoise"
"ZNF521","turquoise"
"B4GALNT3","yellow"
"LOC400682","blue"
"GJD2","pink"
"BSPRY","blue"
"MET","brown"
"GAPDH","brown"
"LOC105374836","brown"
"LMF2","blue"
"CCL25","magenta"
"SORBS1","green"
"CKAP2L","brown"
"CBFA2T3","blue"
"LDHA","brown"
"OR8D4","blue"
"LOC105377352","blue"
"MAL2-AS1","yellow"
"LOC102724687","blue"
"SNORA50B","red"
"MIR194-2HG","yellow"
"ATP1B3","turquoise"
"AP1S3","brown"
"FBXO32","turquoise"
"CYBB","turquoise"
"107984656","blue"
"TM6SF2","magenta"
"ALDH1L1","blue"
"ST6GALNAC5","turquoise"
"CDKN2B","brown"
"ZFPM2","turquoise"
"PODN","green"
"HOXB7","brown"
"DPP4","magenta"
"LOC105373225","blue"
"ATP2A3","blue"
"ALDH1A1","blue"
"PLXNA4","green"
"LTK","yellow"
"MSN","turquoise"
"AATK","blue"
"LOC107986127","brown"
"TWIST1","turquoise"
"CLMP","turquoise"
"GPX8","turquoise"
"TSPYL2","black"
"FUT2","yellow"
"CFH","turquoise"
"HLA-L","yellow"
"C4BPA","grey"
"LBH","turquoise"
"DCBLD2","turquoise"
"GUCY1A2","blue"
"CCEPR","blue"
"IGHV5-51","purple"
"SMIM22","yellow"
"IFNE","brown"
"CCNA2","brown"
"PDX1","blue"
"TRIM59","turquoise"
"MT-TE","grey"
"MYLK","turquoise"
"PDLIM3","turquoise"
"TNFSF11","brown"
"CDH19","tan"
"CRIP2","turquoise"
"SERINC2","brown"
"TRBV5-6","blue"
"SLC1A3","turquoise"
"102724584","turquoise"
"C4BPB","yellow"
"ARHGEF38","blue"
"GALNT4","yellow"
"TERC","brown"
"VIL1","yellow"
"ERVE-5","blue"
"MAP3K21","blue"
"RFX6","pink"
"C16orf89","green"
"CPNE7","brown"
"HIF1A-AS2","turquoise"
"FGFR2","blue"
"TMEM238L","yellow"
"STK32A-AS1","blue"
"CREB3L1","blue"
"IGHV3-49","purple"
"PTPRE","turquoise"
"PCDH1","brown"
"POU2AF1","purple"
"LOC107984537","brown"
"CEACAM18","yellow"
"HS3ST3A1","turquoise"
"IFI30","turquoise"
"ADAMTSL4-AS1","black"
"TRBV5-4","blue"
"H3C12","brown"
"CEP192P1","yellow"
"GRIP2","turquoise"
"EPHX1","blue"
"CD86","turquoise"
"KCP","turquoise"
"GAS1","tan"
"MIR217","blue"
"LOC105369938","grey"
"RPL39","red"
"SPINK5","brown"
"NECTIN4","brown"
"112268100","turquoise"
"SPATA31G1","black"
"CHDH","blue"
"SLC37A2","turquoise"
"MRC2","turquoise"
"STUM","green"
"ATP2C2","brown"
"RHPN2","yellow"
"PRR5L","brown"
"B3GALT5","yellow"
"LOC101929444","salmon"
"TRBV12-1","blue"
"PAPPA2","blue"
"KIF11","brown"
"PTGER4","blue"
"PLCB4","yellow"
"GDF15","blue"
"NCMAP","blue"
"LOC158434","blue"
"VCAM1","turquoise"
"HLA-F","brown"
"MXD1","yellow"
"CCR7","turquoise"
"CD53","turquoise"
"BIRC3","brown"
"ABCA12","greenyellow"
"PLK1","brown"
"EFNB2","brown"
"SLC39A8","blue"
"TMEM236","magenta"
"PPP1R9A","blue"
"EEF1AKMT4-ECE2","blue"
"PHYHD1","blue"
"ADH4","magenta"
"PPP2R2D","blue"
"LOC105375207","brown"
"VAV1","turquoise"
"CES3","magenta"
"PPP1R15A","black"
"HOXB2","turquoise"
"IRF8","brown"
"FREM2","blue"
"SLC7A9","magenta"
"C1R","turquoise"
"ZNF860","brown"
"TRP-AGG2-6","black"
"SNORA27","red"
"KPNA7","brown"
"SPOCD1","turquoise"
"EHBP1L1","turquoise"
"ALPK3","tan"
"PLIN2","brown"
"LOC105377782","blue"
"POC1B-GALNT4","yellow"
"NDC80","brown"
"CHL1","green"
"DKK3","turquoise"
"GBP2","brown"
"MST1P2","blue"
"CIMAP3","blue"
"SLC3A1","blue"
"DNASE1","blue"
"OSBPL3","brown"
"LOC105371754","blue"
"GPR132","turquoise"
"TBX3","brown"
"TCIRG1","blue"
"LOC112268061","turquoise"
"ARC","black"
"DPY19L2","tan"
"ERICH5","blue"
"LOC100128253","blue"
"TFAP2A","brown"
"GGH","brown"
"GOLGA8N","blue"
"HHEX","blue"
"CAMK1D","blue"
"112267915","turquoise"
"PTPRH","yellow"
"CARMN","turquoise"
"SPRR3","turquoise"
"RIMS2","pink"
"MIR4260","brown"
"ABCC9","turquoise"
"LOC101929532","turquoise"
"LHFPL3-AS2","blue"
"INMT","green"
"RGPD1","grey"
"HLA-DRB1","turquoise"
"KIF18A","brown"
"RNU6-2","red"
"FGB","grey"
"NCF2","turquoise"
"CD28","turquoise"
"GREB1","blue"
"F2R","turquoise"
"GJA1","turquoise"
"GPC3","tan"
"MAP2","blue"
"NDE1","turquoise"
"TOX3","yellow"
"FOXP2","blue"
"IFI44","turquoise"
"LOC105370780","blue"
"GJB4","brown"
"CYP4F11","brown"
"TMPRSS6","pink"
"IGHV1-58","black"
"MEIS1","blue"
"CACNA1C","turquoise"
"IL1B","purple"
"ZFHX4","turquoise"
"HLA-DQB2","turquoise"
"SPC24","brown"
"NEDD4L","blue"
"RACGAP1","brown"
"CDA","brown"
"SLC6A8","brown"
"CCDC69","blue"
"TNFRSF11A","yellow"
"TGFB3","turquoise"
"LOC100128770","blue"
"ZNF831","turquoise"
"CLSTN2","green"
"MIR4435-2HG","turquoise"
"LOC105373451","blue"
"P4HB","blue"
"SLC24A2","turquoise"
"AKR7L","magenta"
"SULF2","turquoise"
"CES2","magenta"
"IFITM1","brown"
"GNA15","greenyellow"
"PSMB8","brown"
"HLA-DMB","turquoise"
"CLDN23","brown"
"MTUS2","blue"
"MEGF6","turquoise"
"SPMIP5","blue"
"PLXDC2","turquoise"
"UNC5CL","yellow"
"HTRA1","turquoise"
"GIPR","grey"
"ZNF385D","green"
"NR1H4","blue"
"TF","blue"
"BICDL3P","yellow"
"SLC7A5","purple"
"GAS1RR","blue"
"SERTAD1","brown"
"PNPLA7","blue"
"ATOH1","salmon"
"MFGE8","turquoise"
"H3C4","brown"
"DUSP4","blue"
"SUSD2","magenta"
"CYSTM1","yellow"
"RASSF2","turquoise"
"LINC00278","grey"
"GBP1","brown"
"NID2","turquoise"
"C1QTNF1","green"
"ADM","brown"
"ERO1A","brown"
"GALNT3","yellow"
"ADAM9","brown"
"FBLN5","tan"
"HAS1","black"
"CD52","turquoise"
"C3orf52","blue"
"CCR4","turquoise"
"MAF","turquoise"
"CENPI","brown"
"FER1L6-AS2","yellow"
"CR1","turquoise"
"RAC2","turquoise"
"POU5F1","grey"
"PTHLH","greenyellow"
"P4HA3","turquoise"
"SLC24A3","brown"
"SULT1E1","brown"
"HLA-DPA1","turquoise"
"H3C8","brown"
"MXRA8","turquoise"
"PGA5","grey"
"CTSV","brown"
"SNAP25","pink"
"XIRP1","turquoise"
"BCL2L15","yellow"
"PTGER3","tan"
"A2ML1","greenyellow"
"PLEKHG2","turquoise"
"107986413","turquoise"
"GRIA2","pink"
"ENTPD8","yellow"
"ABCA9","tan"
"CYTOR","turquoise"
"SPOCK2","purple"
"SOWAHA","yellow"
"IGHV4-34","purple"
"IGLV2-8","purple"
"ANKEF1","blue"
"FRRS1L","pink"
"CEP164","blue"
"ABCG5","magenta"
"MARVELD1","turquoise"
"IGLJ3","purple"
"HSPB6","green"
"IL33","turquoise"
"CSTB","brown"
"CHSY3","turquoise"
"NEGR1","tan"
"F2RL1","yellow"
"TIMP4","green"
"EMP3","turquoise"
"PKHD1L1","blue"
"107984567","brown"
"WNT7B","greenyellow"
"PAPLN","turquoise"
"PKIA","turquoise"
"FOLH1B","magenta"
"ST3GAL4","brown"
"APOA1-AS","magenta"
"IGF2","turquoise"
"SLC39A4","yellow"
"ZFAS1","brown"
"ART4","tan"
"IGFBP6","turquoise"
"TESC","grey"
"FMO2","tan"
"PLA2R1","brown"
"PIK3R5","turquoise"
"TPRG1","turquoise"
"MMD","turquoise"
"NKX2-2","pink"
"KRT7-AS","turquoise"
"SMOC1","blue"
"RNU6-1","red"
"CKLF","brown"
"FGR","turquoise"
"KIRREL1","turquoise"
"CD300A","turquoise"
"NKD1","turquoise"
"PRDM1","brown"
"RPH3AL","blue"
"HIF3A","green"
"COL18A1-AS1","tan"
"EDN3","magenta"
"SNORA38B","red"
"ATF3","black"
"GAS7","green"
"TRG-TCC2-6","red"
"ADAMTS9","green"
"PLCD3","brown"
"DNAJA4","brown"
"TROAP","brown"
"H4C15","brown"
"EVA1A","blue"
"MARCKSL1","yellow"
"MIR4680","blue"
"ABI3BP","turquoise"
"RRAD","turquoise"
"IGHJ3","purple"
"TLCD4","blue"
"RGS16","black"
"PRH1-PRR4","black"
"EBF2","green"
"CACNA2D1","turquoise"
"CILP2","turquoise"
"GALNT6","yellow"
"AJAP1","blue"
"ABCG8","magenta"
"COX7A1","salmon"
"KITLG","turquoise"
"PCDH17","blue"
"ACP5","turquoise"
"IGHV1-24","purple"
"MOGAT3","yellow"
"FA2H","yellow"
"SYT7","pink"
"ZBTB7C","yellow"
"HLA-DQA2","turquoise"
"FKBP11","blue"
"MSX2","brown"
"107986170","blue"
"KRT6C","greenyellow"
"H4C14","brown"
"ZNF704","blue"
"CD300E","turquoise"
"KIF20A","brown"
"SHCBP1","brown"
"BUB1B","brown"
"CORIN","turquoise"
"RAP1B","brown"
"CD84-AS1","blue"
"PHACTR3","brown"
"GPRIN1","yellow"
"PDZK1","blue"
"LRRC32","turquoise"
"HCAR1","greenyellow"
"ECHDC3","blue"
"SAA2-SAA4","green"
"C1QC","turquoise"
"LOC101928351","black"
"FGF12","blue"
"LOC105371114","yellow"
"SOD3","blue"
"NOTCH3","turquoise"
"SYT14","pink"
"H2BC10","brown"
"BRINP3","salmon"
"HLA-A","brown"
"MIOS-DT","blue"
"CPZ","turquoise"
"MIR22HG","black"
"NEXMIF","blue"
"GYG2","green"
"KCNB1","green"
"SPARCL1","turquoise"
"H2BC14","brown"
"PELI2","blue"
"PERP","brown"
"GALNT15","turquoise"
"RIPOR2","turquoise"
"101928152","black"
"BMP5","pink"
"SNORA50A","red"
"LOC105375886","grey"
"SCNN1G","blue"
"GCKR","yellow"
"CLEC2B","turquoise"
"AURKA","brown"
"VTN","blue"
"LOXL2","turquoise"
"MS4A7","turquoise"
"HNF1A-AS1","blue"
"VIM-AS1","green"
"FCN1","green"
"NCKAP1L","turquoise"
"NFASC","green"
"IFIT1","turquoise"
"MMP16","turquoise"
"LINC02347","blue"
"NLRP1","turquoise"
"MCU","yellow"
"SHC2","blue"
"CTTNBP2","blue"
"IKZF1","turquoise"
"CLEC7A","turquoise"
"FGD2","turquoise"
"102723630","blue"
"TRBV10-2","blue"
"PABPC4","blue"
"XK","grey"
"BANK1","turquoise"
"SH3TC2","brown"
"FSTL3","turquoise"
"LOC102724363","blue"
"MCEMP1","turquoise"
"TRIM46","grey"
"DYSF","turquoise"
"PCDH10","turquoise"
"EPPK1","yellow"
"INSM1","pink"
"FRAS1","blue"
"SEC22B4P","red"
"CXCL11","blue"
"ZNF365","turquoise"
"CALB2","turquoise"
"APLNR","turquoise"
"FSIP2","salmon"
"TTYH3","brown"
"TRT-CGT4-1","black"
"SEMA4A","black"
"LINC02725","greenyellow"
"NAV3","turquoise"
"HSPH1","brown"
"FLT3","blue"
"E2F7","brown"
"TRBV11-2","blue"
"CBR1","yellow"
"AQP10","magenta"
"ADRA1A","green"
"HSPB8","green"
"LINC02041","brown"
"MGAT3","brown"
"HSPG2","turquoise"
"MUC12","brown"
"CASP1","brown"
"SLC12A2","yellow"
"GIPC2","blue"
"COXFA4","brown"
"SERPINB4","greenyellow"
"RPS16","red"
"PLCB2","turquoise"
"DSE","turquoise"
"RPS16P5","black"
"TRIM31-AS1","yellow"
"CLDN10-AS1","blue"
"NTS","turquoise"
"C2orf72","blue"
"HES6","salmon"
"GXYLT2","turquoise"
"INSR","blue"
"SCAMP5","blue"
"105379461","blue"
"ANO5","blue"
"FCRL1","turquoise"
"CMTM3","turquoise"
"SEMA3E","brown"
"SEC11C","blue"
"MMRN1","green"
"TRV-CAC1-5","black"
"H4C9","turquoise"
"CNTN3","blue"
"CPXM2","green"
"SERPINI1","blue"
"VWDE","grey"
"LUCAT1","black"
"CPA3","grey"
"ABCD2","turquoise"
"RELT","turquoise"
"F3","brown"
"TMEM265","brown"
"REEP6","magenta"
"LOC400499","black"
"MX1","turquoise"
"CLDN14-AS1","brown"
"RPL3L","blue"
"HTR1D","yellow"
"NRG3","turquoise"
"CLIC5","yellow"
"ENPP3","magenta"
"RETREG1","blue"
"TBC1D30","blue"
"ARHGDIB","turquoise"
"KCNK5","magenta"
"IGF1R","blue"
"SLC16A7","blue"
"LOC105378620","turquoise"
"EPHA4","brown"
"ESPL1","brown"
"ZPLD1","turquoise"
"IL18","brown"
"TTC6","brown"
"TNFSF10","brown"
"DOCK11","turquoise"
"FCRL5","purple"
"EFNA1","yellow"
"EPHA7","salmon"
"FEZF1-AS1","brown"
"TMEM125","blue"
"RPPH1","red"
"EGR2","turquoise"
"IRAK2","brown"
"POLQ","brown"
"SUGCT","turquoise"
"PLA2G4F","yellow"
"RASL12","turquoise"
"COL5A3","turquoise"
"SYNPO","green"
"COL6A1","turquoise"
"SULT2A1","magenta"
"JUND","black"
"RDX","blue"
"PARP2","red"
"FLVCR2","yellow"
"LINC01725","blue"
"LOC105374458","blue"
"LOC107984805","blue"
"SLC17A6","pink"
"107986367","blue"
"RNVU1-18","red"
"ECEL1","pink"
"PRDM16","blue"
"TMEM176B","brown"
"LILRB1","turquoise"
"CYP4F2","magenta"
"LOC107986924","black"
"GNB4","turquoise"
"CKS1B","brown"
"NEFL","salmon"
"LOC101927897","green"
"MS4A6A","turquoise"
"LIPE","green"
"PGK1","brown"
"BMP7","brown"
"UTS2","pink"
"CKLF-CMTM1","brown"
"CYBA","brown"
"IGLV1-51","purple"
"FGD5","turquoise"
"LINC02985","blue"
"SNORA104","brown"
"IER5L","turquoise"
"RHOXF1P1","blue"
"SERPING1","turquoise"
"HAPLN1","brown"
"KIAA1549","blue"
"TMEM191A","brown"
"ZNF483","tan"
"PARP15","turquoise"
"CA13","yellow"
"103344718","green"
"CALHM5","turquoise"
"GABRA2","salmon"
"LCK","brown"
"COCH-AS1","blue"
"CLDN15","magenta"
"CKAP2","brown"
"RCAN1","blue"
"FHIP1A","blue"
"ST8SIA4","turquoise"
"LOC105374034","salmon"
"RNASE4","red"
"LILRB4","turquoise"
"SLC7A7","brown"
"SETBP1","tan"
"PKDCC","turquoise"
"DOC2B","black"
"PFKFB3","turquoise"
"VSTM2L","turquoise"
"PLP1","tan"
"NWD1","pink"
"RRBP1","blue"
"DPP6","pink"
"TRAF1","turquoise"
"SNORA72","red"
"RGS4","turquoise"
"STOX2","blue"
"PPP2R2C","brown"
"LOC101928499","blue"
"SCARNA2","blue"
"MIR216B","blue"
"PAK5","blue"
"SLAMF9","yellow"
"CASP9","blue"
"LAMA2","turquoise"
"TRY-GTA5-1","black"
"RIMBP2","pink"
"FUT6","yellow"
"TMTC1","green"
"SPACA3","blue"
"GAS2","blue"
"TMEM171","brown"
"CD9","brown"
"PCSK5","yellow"
"RHBDL2","brown"
"PRKCB","turquoise"
"NCCRP1","blue"
"NLRP2","purple"
"TRBV10-1","blue"
"LINC02432","blue"
"TFCP2L1","grey"
"RHOBTB3","blue"
"NRG1","greenyellow"
"ACY3","magenta"
"ADRA2A","blue"
"EFHD1","green"
"TUBG2","blue"
"GNG2","turquoise"
"GLRA3","pink"
"IGHV1-46","purple"
"LOC105373530","blue"
"SOX11","turquoise"
"LINC02915","blue"
"INA","pink"
"CD79A","purple"
"SULT1A1","magenta"
"KCNJ6","pink"
"LOC105370972","blue"
"PRDM16-DT","blue"
"MZB1","purple"
"FAM133CP","blue"
"LOC107986178","yellow"
"JUN","blue"
"TMT1A","blue"
"GLT8D2","turquoise"
"EPCIP","blue"
"LOC107985034","brown"
"FBXL7","turquoise"
"KCNH8","grey"
"PDLIM4","turquoise"
"FPR1","turquoise"
"TTLL7","blue"
"LOC102723407","purple"
"107984312","black"
"MYRFL","magenta"
"ARPC5","brown"
"SNORA63D","red"
"NUAK1","turquoise"
"DTL","brown"
"IGHV4-4","purple"
"PWAR5","blue"
"ITGA4","turquoise"
"TRBC2","turquoise"
"CIITA","turquoise"
"LINC03040","brown"
"WDR38","red"
"KCNIP2","green"
"RMRP","red"
"MEG8","tan"
"CLIC1","brown"
"NPSR1-AS1","brown"
"LOC101927879","grey"
"GADD45B","black"
"LGALS3BP","brown"
"ECRG4","green"
"EEF1A2","grey"
"DUSP2","black"
"C3orf80","turquoise"
"TNFRSF6B","turquoise"
"RPS26","red"
"SCAND3","blue"
"LACTB2","brown"
"TMEM150B","yellow"
"HLA-DPB1","turquoise"
"WT1","turquoise"
"IGSF9","yellow"
"107984581","pink"
"SMAD9","salmon"
"TNFSF9","turquoise"
"HSPA7","turquoise"
"FGFR4","blue"
"DKK4","yellow"
"PAQR8","yellow"
"CD58","brown"
"ITPR3","yellow"
"GLI3","turquoise"
"CDKN2A","brown"
"LRRC37A4P","grey"
"AHR","brown"
"DGKI","turquoise"
"FKBP10","turquoise"
"SLA","turquoise"
"TMEM132C","blue"
"LOC102723331","turquoise"
"S100G","magenta"
"RASEF","red"
"NRG4","blue"
"OGDHL","blue"
"PGAM1P5","blue"
"SCARNA17","black"
"SASH3","turquoise"
"LCP2","turquoise"
"ACY1","yellow"
"SNORA38","red"
"POU6F2","blue"
"ITGA10","grey"
"TPPP3","turquoise"
"RUNX3-AS1","turquoise"
"CSRNP1","black"
"C2CD4A","red"
"ESM1","turquoise"
"FADS2","turquoise"
"LTBP2","turquoise"
"ABCA5","blue"
"MIR12136","magenta"
"ANKRD36BP2","purple"
"CD180","turquoise"
"ARHGAP27","yellow"
"VWA5B1","pink"
"KPNA2","brown"
"ATP7B","yellow"
"SGCA","black"
"ABCA10","blue"
"DACH1","salmon"
"LOC107985787","black"
"DRP2","turquoise"
"GZMA","brown"
"ADD2","blue"
"SMANTIS","blue"
"PPP1R1A","green"
"TRIM16","brown"
"SERPINB7","brown"
"CPA4","blue"
"SKAP2","brown"
"CLCF1","black"
"CCL13","turquoise"
"CXXC4","blue"
"GAREM1","blue"
"HPN-AS1","blue"
"GBP4","brown"
"COX7B","brown"
"CDCP1","brown"
"PDE4B","turquoise"
"ARHGAP20","turquoise"
"101060400","brown"
"HOOK1","blue"
"MT-CO2","cyan"
"TRBV6-4","blue"
"JCAD","blue"
"HPCAL4","blue"
"107984298","blue"
"PLTP","blue"
"LOC112268311","grey"
"KIFC1","brown"
"LOC107984079","tan"
"LYPLA1","brown"
"BCAM","tan"
"PRELID3B","brown"
"CD48","turquoise"
"KCNA5","green"
"ABRACL","brown"
"NMUR2","brown"
"DSC2","brown"
"GGT1","blue"
"TMEM141","brown"
"RNVU1-7","red"
"CCNB2","brown"
"NABP1","turquoise"
"RNU1-3","red"
"ZNF727","blue"
"DACT1","turquoise"
"LPCAT4","yellow"
"ASAH2","magenta"
"RMST","grey"
"WNT5A","brown"
"ERC2","blue"
"LDB3","green"
"HILPDA","brown"
"SLIT2","turquoise"
"MIAT","turquoise"
"VSTM4","turquoise"
"PGR","turquoise"
"ATP1B1","yellow"
"HLA-B","brown"
"TSHZ2","turquoise"
"OCLN","red"
"ETS2","turquoise"
"STAB1","turquoise"
"LOC101928543","yellow"
"FCGR3B","turquoise"
"FASN","green"
"PLBD1","brown"
"THEMIS2","turquoise"
"PPP4R4","greenyellow"
"SLC9A7P1","blue"
"MYO5C","blue"
"TNNT1","greenyellow"
"CD70","greenyellow"
"LOC107985909","black"
"TMC8","turquoise"
"ILDR2","turquoise"
"SLC27A2","yellow"
"TRIM55","black"
"TMEM130","green"
"ACE","magenta"
"MT-TS1","magenta"
"C8G","yellow"
"AXL","turquoise"
"ACTN1","turquoise"
"ANKRD1","turquoise"
"SLC45A3","yellow"
"CACNA1A","pink"
"GCSAM","blue"
"LOC105378726","turquoise"
"TMEM266","blue"
"KDM6B","black"
"112267916","salmon"
"LOC105374823","blue"
"TRBV5-3","blue"
"EDIL3-DT","turquoise"
"FAM153CP","blue"
"IGHV6-1","purple"
"SGPP2","yellow"
"RNU1-1","red"
"LMO7","yellow"
"PIP5KL1","black"
"TFEC","turquoise"
"DOCK10","turquoise"
"SLCO4A1-AS1","brown"
"MICOS10-NBL1","brown"
"BTBD19","black"
"HAND2-AS1","tan"
"BOC","tan"
"RPL22L1","red"
"STEAP4","tan"
"DDX60","brown"
"SIX1","brown"
"112268037","blue"
"LY96","turquoise"
"LOC105379524","red"
"OSBPL10","brown"
"COL25A1","magenta"
"FAM167A-AS1","blue"
"LOC105379025","pink"
"LOC105369474","blue"
"RNVU1-14","cyan"
"SCARNA9","red"
"SLC60A2-DT","blue"
"BLVRB","brown"
"PLA2G10","yellow"
"DSP","blue"
"105375153","turquoise"
"NCAM1","pink"
"105379383","blue"
"THBD","turquoise"
"SPACA6","black"
"LOC101448202","turquoise"
"SYNE1","tan"
"CCL4L2","black"
"AKR1B15","magenta"
"PCOLCE","turquoise"
"GAS2L3","brown"
"GHR","tan"
"ELF3","yellow"
"CDS1","yellow"
"HSPE1","brown"
"TRABD2B","green"
"EXTL1","blue"
"MX2","turquoise"
"MYB","brown"
"DNAJB5","black"
"MYO3B","blue"
"NDUFB1","red"
"PSMD6","blue"
"CD34","green"
"CD96","turquoise"
"LRRC19","yellow"
"CDCA5","brown"
"STXBP5L","pink"
"PLEKHO1","turquoise"
"MS4A4E","turquoise"
"PPBP","turquoise"
"SLC4A11","brown"
"VNN2","grey"
"QPCT","brown"
"IGFBP4","turquoise"
"SOX21-AS1","brown"
"KRT14","greenyellow"
"ADORA2B","brown"
"FBP1","magenta"
"MAP3K8","turquoise"
"EHD2","turquoise"
"TOX","salmon"
"MGST1","red"
"LINC00443","brown"
"EPS8L1","brown"
"OR4D5","blue"
"FAM221A","blue"
"NFATC2","green"
"DSG2-AS1","brown"
"IRAG2","blue"
"FAM180A","turquoise"
"KIF15","brown"
"RPS14","red"
"107985208","yellow"
"SNORD17","red"
"LOC112268081","blue"
"PRSS22","brown"
"ABCC3","grey"
"MYO3A","pink"
"LINC01237","blue"
"SOSTDC1","brown"
"MCAM","green"
"PARM1","blue"
"ABCA6","tan"
"TTYH1","blue"
"LDLR","grey"
"TSPOAP1","blue"
"APOH","blue"
"SCARNA21","red"
"DUSP1","black"
"SMPDL3B","blue"
"NR3C2","blue"
"PARPBP","brown"
"TMEM26","turquoise"
"SERPINB13","greenyellow"
"MIR198","turquoise"
"LHFPL3","blue"
"JAK3","turquoise"
"MAGI2-AS3","turquoise"
"RNA5S9","red"
"IL18R1","turquoise"
"ABCG2","magenta"
"NPR1","green"
"PNMA2","turquoise"
"GRASLND","blue"
"PLA2G12B","magenta"
"KIAA1755","turquoise"
"GRIN2D","brown"
"COX6B2","turquoise"
"VSIG4","turquoise"
"CHD9NB","blue"
"ENTREP2","blue"
"PIK3CG","turquoise"
"CXCL1","turquoise"
"112268426","turquoise"
"BCAT1-AS1","blue"
"WDR17","blue"
"AGMAT","yellow"
"RCAN2","green"
"ELOVL6","brown"
"SNAI1","turquoise"
"PMEPA1","turquoise"
"COTL1","brown"
"MIR3667HG","green"
"LINC02958","black"
"C16orf54","turquoise"
"CH25H","turquoise"
"BAAT","grey"
"ANXA4","grey"
"CD209","turquoise"
"FDCSP","greenyellow"
"HLF","tan"
"GJA5","turquoise"
"PPP1R16B","turquoise"
"PIM1","turquoise"
"THRSP","green"
"FAM30A","turquoise"
"KCNMB2","pink"
"TXNRD1","brown"
"TNFAIP3","turquoise"
"CSF3","black"
"IKZF3","turquoise"
"SYNDIG1","turquoise"
"CD69","turquoise"
"GALNT8","salmon"
"107986589","turquoise"
"RGCC","black"
"KIF5C","pink"
"PACRG","blue"
"GCLM","brown"
"VWF","turquoise"
"CLVS1","brown"
"ISM1","turquoise"
"DGKH","brown"
"CSF2RA","turquoise"
"HSPB1","turquoise"
"TSPAN13","yellow"
"SAMD9L","brown"
"CACNA1D","pink"
"GPR65","turquoise"
"CDH26","greenyellow"
"LCT-AS1","magenta"
"SEMA3D","turquoise"
"MT-TQ","grey"
"SIGLEC10","turquoise"
"LINC03117","blue"
"SERPINB9","turquoise"
"IRF1","yellow"
"TOR4A","yellow"
"TNFAIP8L3","turquoise"
"112268296","brown"
"LOC101927283","turquoise"
"P4HA1","brown"
"RSPO3","green"
"SCUBE2","tan"
"SULT1C3","yellow"
"MLLT11","turquoise"
"LOC101928214","turquoise"
"TMEM132A","turquoise"
"CA8","salmon"
"ADCY4","turquoise"
"ELFN2","turquoise"
"TMEM37","magenta"
"PALM3","blue"
"RGS11","blue"
"NFATC1","green"
"105379170","turquoise"
"SELL","turquoise"
"TEX15","brown"
"CPA6","grey"
"SH2D2A","turquoise"
"MCM10","brown"
"107986483","brown"
"FRMD5","brown"
"KCNC4","blue"
"IL7","brown"
"PRICKLE1","turquoise"
"GSTM1","blue"
"MACC1","brown"
"FOLR2","turquoise"
"TMEM72","blue"
"S100B","green"
"TAP1","brown"
"BTNL9","blue"
"HAND2","green"
"SHISA2","turquoise"
"RPLP0P2","turquoise"
"MRPL13","brown"
"TIMP2","turquoise"
"SLC5A9","magenta"
"KIF26A","blue"
"CHRM3-AS2","blue"
"ORC6","brown"
"H2BC26","brown"
"ZNF503","blue"
"PAPPA","turquoise"
"LOC105375170","brown"
"CHN2","blue"
"MKNK1-AS1","blue"
"CYCS","brown"
"VAV3","blue"
"MTRNR2L9","pink"
"HS3ST2","turquoise"
"LOC105370364","brown"
"HDAC9","turquoise"
"RUNX1T1","turquoise"
"P2RY10","turquoise"
"SLC28A1","magenta"
"CENPW","brown"
"TRIM54","brown"
"SLC29A4","pink"
"ADAM22","turquoise"
"IFI27L2","brown"
"RGS10","turquoise"
"PLAC4","grey"
"PALM2AKAP2","turquoise"
"CHAD","blue"
"TMEM45A","turquoise"
"TRPS1","turquoise"
"HSD11B2","yellow"
"AIF1","turquoise"
"MFAP2","turquoise"
"HTR1B","brown"
"PMP22","turquoise"
"LOC105377781","blue"
"ST6GAL1","turquoise"
"FXYD1","green"
"ADAMTS7","turquoise"
"TPM4","turquoise"
"ZAP70","turquoise"
"NAT8L","blue"
"RAB17","blue"
"PSMD6-AS2","blue"
"EEF2","blue"
"FIGN","blue"
"MTRNR2L6","blue"
"TRBC1","turquoise"
"TNXA","green"
"CD38","turquoise"
"SPRY4","turquoise"
"ANXA2","brown"
"NCAPG","brown"
"CHRNA5","brown"
"ARHGAP4","turquoise"
"ORM2","black"
"CRNDE","brown"
"ELOVL2","blue"
"TRIM36","yellow"
"CIDEA","green"
"MHRT","blue"
"KIF23","brown"
"SYCP2","blue"
"SNORA75","red"
"DPY19L1","brown"
"DNAH7","blue"
"RIPOR3","black"
"GINS1","brown"
"STC1","turquoise"
"GFI1","blue"
"ADAMTS10","green"
"ZBP1","brown"
"JPH1","blue"
"PSAPL1","brown"
"LOC105379169","blue"
"SCARNA1","red"
"KCNMB1","turquoise"
"GVQW3","blue"
"FGF1","turquoise"
"RAB26","blue"
"CITED4","blue"
"COL4A3","blue"
"MAOB","magenta"
"SNRPG","brown"
"LOC105369812","turquoise"
"P3H2","turquoise"
"PLEC","turquoise"
"TSPAN15","yellow"
"PHF24","black"
"TBL1Y","grey"
"C2","brown"
"LOC105372887","blue"
"SLCO4A1-AS2","brown"
"MYL12B","brown"
"ENKD1","blue"
"COX7A2","brown"
"IL13RA2","greenyellow"
"IGFBP7","turquoise"
"DYNLT4","black"
"TP53INP1","blue"
"DUSP5","black"
"MYEF2","blue"
"ZFAND2A","brown"
"LOC107984448","blue"
"ECM2","turquoise"
"HLA-DRB6","turquoise"
"LOC105369842","blue"
"LOC105369688","blue"
"FOXA2","blue"
"ARPC1B","brown"
"FLRT3","brown"
"LOC105374986","yellow"
"RP1","turquoise"
"LGR6","turquoise"
"FAM111B","brown"
"RPL27","red"
"SNORA18","red"
"STK33","blue"
"LOC112268267","brown"
"SNORA74B","red"
"GBP3","brown"
"SNORA22","red"
"CELF2","turquoise"
"EHD1","turquoise"
"RNVU1-19","black"
"MIR936","brown"
"COL9A2","turquoise"
"BEGAIN","blue"
"KBTBD12","red"
"TSC22D3","turquoise"
"MIR10396B","grey"
"SGSM1","blue"
"HRH2","turquoise"
"KIF2C","brown"
"HYAL1","grey"
"112267875","pink"
"MROH6","brown"
"IGKV1-16","purple"
"LAMC3","blue"
"ASF1B","brown"
"SLC37A4","blue"
"ADARB1","green"
"CRLF1","green"
"ECHDC2","blue"
"CCN2","turquoise"
"CREB5","green"
"SECTM1","magenta"
"ACTB","turquoise"
"SELPLG","turquoise"
"CMTM8","blue"
"IFITM2","turquoise"
"C1GALT1","brown"
"LOC105374127","grey"
"CCL3","black"
"LOC105376095","salmon"
"PON3","blue"
"SHISAL1","turquoise"
"TRIM40","magenta"
"E2F8","brown"
"MAFF","black"
"ASB2","turquoise"
"HCK","turquoise"
"LGR4","blue"
"SLC39A14","blue"
"107986513","grey"
"GPR160","yellow"
"TRAC","turquoise"
"105377806","purple"
"PIEZO1","turquoise"
"MNDA","turquoise"
"NRXN2","green"
"LOC105375490","blue"
"DIPK2B","green"
"TNFRSF1B","turquoise"
"AKNA","turquoise"
"L3MBTL4","blue"
"SBSPON","salmon"
"SSC5D","turquoise"
"NME7","yellow"
"GK","yellow"
"ITIH5","green"
"BAG3","black"
"RAPGEFL1","brown"
"ATP8A1","blue"
"KIAA1549L","turquoise"
"PBX1","blue"
"SHANK2","blue"
"LPA","blue"
"ACSS1","blue"
"MS4A4A","turquoise"
"COL11A2","black"
"SMIM32","yellow"
"XKR4","blue"
"IFITM3","turquoise"
"PLCXD1","yellow"
"SNORA32","red"
"GLRB","blue"
"AGTR1","tan"
"TOB1","blue"
"ROMO1","red"
"RN7SK","red"
"HK1","turquoise"
"OR52N2","green"
"BAIAP3","pink"
"LOC105375172","grey"
"SLC22A31","blue"
"SGK2","blue"
"UCA1","greenyellow"
"COBL","blue"
"RAP1GAP2","blue"
"FCMR","turquoise"
"MIRLET7BHG","blue"
"LOC101927723","turquoise"
"ACSM1","blue"
"AURKB","brown"
"DLG2","tan"
"MZT1","brown"
"RAB42","turquoise"
"CDO1","tan"
"FOXJ1","greenyellow"
"LOC105375716","pink"
"ADAMTS9-AS1","green"
"ETV1","turquoise"
"LOC105370910","brown"
"FEZ1","turquoise"
"NECTIN1","greenyellow"
"GNAO1","pink"
"TGFB2","turquoise"
"ACSS3","tan"
"NPTX2","blue"
"MICB","brown"
"ACTR3C","blue"
"GHRL","blue"
"DNAH12","blue"
"SNORA28","red"
"CIROZ","pink"
"AIF1L","green"
"SEPTIN9","turquoise"
"PLEKHB1","grey"
"SLC35F2","greenyellow"
"LSP1","turquoise"
"OR10S1","blue"
"FGFRL1","blue"
"HMGA2-AS1","grey"
"107984747","turquoise"
"TGILR","grey"
"GPR174","turquoise"
"NELL2","magenta"
"MIR99AHG","turquoise"
"H2AC8","purple"
"NOP53","blue"
"H2AC7","brown"
"LINC02967","blue"
"TSPAN2","turquoise"
"PDGFDDN","blue"
"ARHGAP11A-SCG5","pink"
"PLOD2","turquoise"
"CCDC102B","turquoise"
"ULBP2","greenyellow"
"CYTH4","turquoise"
"NOD2","turquoise"
"GRAMD1C","blue"
"CDHR3","yellow"
"RGS6","green"
"PIEZO2","turquoise"
"FAM153A","blue"
"BCL11A","blue"
"SLC67A1","yellow"
"ASTN2","blue"
"LOC105378571","yellow"
"LOC102723654","blue"
"EPHA3","turquoise"
"INPP5D","turquoise"
"SNED1","green"
"GSTO1","brown"
"PRLHR","blue"
"107984428","tan"
"CD22","turquoise"
"TPSB2","purple"
"LOC112268288","blue"
"NYAP2","pink"
"ST18","pink"
"IER3","black"
"KCND3","green"
"H3C7","brown"
"SCNN1A","brown"
"PTPRZ1","grey"
"ANXA3","brown"
"IGHV3-64D","purple"
"EPB41L3","turquoise"
"CASC15","turquoise"
"SRPX","tan"
"CAMSAP3","blue"
"ZEB1","turquoise"
"HYDIN","blue"
"C14orf180","green"
"NLRP6","magenta"
"STON1","turquoise"
"GASK1A","green"
"SNORD118","red"
"LINC02984","turquoise"
"CDKN1A","black"
"ARHGEF26","blue"
"IL17REL","yellow"
"C3AR1","turquoise"
"IL21R","turquoise"
"DNMT3B","blue"
"LOC100505502","turquoise"
"ROBO1","turquoise"
"SLC16A12-AS1","blue"
"TUSC3","blue"
"SKA3","brown"
"ANKRD20A8P","blue"
"GJB5","greenyellow"
"EXOC3L4","yellow"
"CCR1","turquoise"
"AOAH","turquoise"
"LOC105370222","blue"
"CDCA8","brown"
"DMPK","blue"
"TRY-GTA2-1","black"
"UST","blue"
"SDK1-AS1","blue"
"DHDH","magenta"
"LGALS12","green"
"LOC105373485","blue"
"COMTD1","blue"
"GCNT4","blue"
"MICAL2","turquoise"
"ACSL6","salmon"
"RAB25","yellow"
"IGFL2-AS1","greenyellow"
"LOC105376373","brown"
"LINC00641","black"
"HOXA3","brown"
"NUAK2","blue"
"TRIP13","brown"
"IGKV2-24","purple"
"AMN","magenta"
"FLT4","turquoise"
"RTN1","pink"
"CORO1C","turquoise"
"HSD17B6","turquoise"
"LZTS1","turquoise"
"ABCG1","brown"
"DAAM2","tan"
"FCGR1A","turquoise"
"PTP4A3","tan"
"MYC","blue"
"PYCARD","brown"
"PODXL","blue"
"SNAP91","pink"
"CMPK2","brown"
"NES","turquoise"
"TEX56P","blue"
"NHS","turquoise"
"RTL1","tan"
"VCAN-AS1","turquoise"
"SLC7A14","pink"
"SPIRE2","yellow"
"STARD10","yellow"
"MOCS1","tan"
"OXTR","turquoise"
"SLC25A22","blue"
"PRNP","turquoise"
"COLEC11","blue"
"PYGL","turquoise"
"ENAM","blue"
"TRBV7-3","blue"
"IGHV2-5","purple"
"RHOH","turquoise"
"SAPCD2","brown"
"TLCD2","turquoise"
"LOC105372323","blue"
"GLIPR2","turquoise"
"TMPRSS3","yellow"
"H2BC5","brown"
"IGLV8-61","purple"
"SLC22A17","pink"
"TMEM253","magenta"
"H2AC21","brown"
"RAB7B","turquoise"
"ADGRD1","tan"
"IGHV4-55","purple"
"TIFA","blue"
"SP140","turquoise"
"NALCN","tan"
"WIPF1","turquoise"
"KCNMA1","pink"
"TEX47","blue"
"ITGAL","turquoise"
"LAIR1","turquoise"
"NLGN4X","turquoise"
"BCO1","yellow"
"LINC00668","red"
"PTPN20","blue"
"XRCC4","yellow"
"WDR91","blue"
"ITPRID2","blue"
"CHD5","green"
"LOC105376939","greenyellow"
"IL6-AS1","black"
"NLRP3","black"
"SLC51B","magenta"
"CYP27C1","turquoise"
"H2BC8","purple"
"LOC107986813","turquoise"
"LINC01806","blue"
"UNC13A","pink"
"CYP4B1","green"
"MYADM","turquoise"
"RUNX1-IT1","turquoise"
"GAS5-AS1","red"
"PCK2","magenta"
"CHST3","turquoise"
"ATP8B2","turquoise"
"PLXNC1","turquoise"
"LILRB5","turquoise"
"GLS2","blue"
"H2BC18","brown"
"THSD4","turquoise"
"ITK","turquoise"
"LINC02535","yellow"
"SNORA14B","red"
"CDKN2B-AS1","brown"
"LOC107985317","blue"
"CYB5A","blue"
"NREP","turquoise"
"ITIH3","turquoise"
"SIGLEC14","turquoise"
"MTUS1-DT","blue"
"PALMD","green"
"RPS15A","red"
"SNX10","turquoise"
"SPAG5","brown"
"LOC102723862","blue"
"CLEC12A","turquoise"
"TNNT2","black"
"LOC105372246","yellow"
"ABHD14A-ACY1","yellow"
"EDAR","brown"
"UNC5B","turquoise"
"IGLV3-1","purple"
"PHLDB1","green"
"DGAT1","magenta"
"107986874","blue"
"LOC105372898","black"
"CLDN12","brown"
"PWRN1","blue"
"MLN","magenta"
"SOX2","greenyellow"
"CCL3L3","black"
"KNDC1","pink"
"RFK","brown"
"GPRC5C","blue"
"EPHA6","tan"
"CLIP4","turquoise"
"SLC6A17","pink"
"FYB2","blue"
"CIT","brown"
"LOC112268133","green"
"ADAMTSL4-AS2","black"
"ADGRG4","magenta"
"LOC107986454","turquoise"
"IGKV2-30","purple"
"PNMA8A","pink"
"LETM2","black"
"PIM2","purple"
"BBIP1","blue"
"ZDHHC11","grey"
"MLYCD","blue"
"PKP3","brown"
"SEMA6A","blue"
"CD6","turquoise"
"CHMP1B2P","blue"
"GPR176","turquoise"
"SLC14A1","grey"
"PCMTD1-DT","blue"
"ARHGAP42","brown"
"TJP3","yellow"
"AIM2","turquoise"
"TM7SF2","blue"
"EIF4EBP1","blue"
"DIRAS3","blue"
"WFDC1","green"
"LINC00907","pink"
"KCNC2","pink"
"TTLL6","blue"
"TRBV8-2","blue"
"TICRR","brown"
"SEMA3B","yellow"
"EVPL","brown"
"LOC107985027","blue"
"C11orf91","black"
"C1QTNF3","turquoise"
"CD93","green"
"PKD1L2","brown"
"MYH14","yellow"
"MAPK8IP1P2","grey"
"GPX1","brown"
"TNFRSF21","brown"
"IL10RA","turquoise"
"STING1","turquoise"
"NFAM1","turquoise"
"ADAMTS5","turquoise"
"CTSB","turquoise"
"ZNF662","blue"
"LCIIAR","blue"
"TAMALIN","green"
"LOC101927536","black"
"CD300LF","turquoise"
"TNFRSF12A","brown"
"105376707","blue"
"NID1","turquoise"
"BMP4","brown"
"CLIC6","turquoise"
"ADAMTS9-AS2","tan"
"SNORA13","red"
"IL16","turquoise"
"PGM5","green"
"OSMR","turquoise"
"ELAVL4","pink"
"CD4","turquoise"
"OR10G6","blue"
"CASC8","brown"
"IGLV2-18","purple"
"ERG","green"
"CMYA5","turquoise"
"SLC52A1","magenta"
"TWSG1","turquoise"
"SELENBP1","yellow"
"SNX32","brown"
"ROR2","turquoise"
"CD80","turquoise"
"GRIA4","blue"
"SLC16A6","turquoise"
"RAI14","turquoise"
"KIF18B","brown"
"H4C4","brown"
"CCR6","brown"
"MLXIPL","blue"
"TRBV5-2","blue"
"ZNF33B","blue"
"EYA4","turquoise"
"PTMS","turquoise"
"PGF","turquoise"
"ART3","blue"
"KSR2","blue"
"TYROBP","turquoise"
"DDX3ILA1","brown"
"TLR10","turquoise"
"CDC25B","brown"
"ITPRIP","turquoise"
"RASGRF2","turquoise"
"PHLDA3","turquoise"
"CELSR3","brown"
"SYT12","turquoise"
"PEG3","tan"
"CYP2J2","yellow"
"PRSS23","turquoise"
"ITGAM","turquoise"
"MYBL2","grey"
"RAB34","turquoise"
"LINC01094","turquoise"
"LAD1","yellow"
"FCRL3","turquoise"
"SEMA3F","turquoise"
"GABRB2","brown"
"112267876","green"
"IFIT3","turquoise"
"SNTB1","blue"
"STMN1","brown"
"CADM1","blue"
"ELOVL5","turquoise"
"FMN1","brown"
"LINC02257","turquoise"
"TMEM196","pink"
"TPTE2P5","blue"
"CHI3L2","greenyellow"
"RRAS","brown"
"POGLUT2","turquoise"
"STK26","brown"
"DPP10-AS1","blue"
"IGLC7","purple"
"CNIH3","blue"
"CD14","turquoise"
"TXNDC9","brown"
"CTNNA2-AS1","blue"
"BLM","brown"
"HIGD1A","brown"
"PTPRU","turquoise"
"HOXB5","turquoise"
"TSPO","brown"
"FCGR2C","turquoise"
"FAM240C","blue"
"MIR612","black"
"FAS","brown"
"RND3","turquoise"
"PABPC4-AS1","blue"
"VIPR1","yellow"
"ASPHD2","brown"
"MICALL2","yellow"
"IGKV1D-12","purple"
"DISP3","pink"
"ELL2","blue"
"PALM","green"
"LOC107985134","turquoise"
"CTNNA3","green"
"DNAH5","turquoise"
"ASS1","brown"
"GLP2R","green"
"BCAR1","blue"
"PTCSC1","turquoise"
"HIF1A","turquoise"
"PWRN3","blue"
"NAGS","brown"
"107984261","blue"
"KCNA3","turquoise"
"SORCS1","blue"
"HLA-DOA","turquoise"
"TRBV12-5","blue"
"SULT4A1","magenta"
"LINC00472","blue"
"COL18A1","green"
"ZNF98","blue"
"IGLV10-54","purple"
"CYP39A1","blue"
"LTBP4","green"
"CHI3L1","turquoise"
"LIPM","red"
"IL11","turquoise"
"ROR1","tan"
"B3GNT5","brown"
"CCL15","yellow"
"BMP1","turquoise"
"107985064","green"
"SMAD3-DT","blue"
"NAPRT","brown"
"RALYL","blue"
"NETO2","brown"
"VGF","pink"
"ACKR3","blue"
"LINC02605","brown"
"CRISPLD1","turquoise"
"GRK5","turquoise"
"PCYT1B","blue"
"LHFPL6","turquoise"
"ZSCAN12P1","black"
"107986022","blue"
"RASSF6","yellow"
"VTRNA1-3","black"
"RASGRP2","green"
"MLF1","turquoise"
"SNORA35B","red"
"CDC6","brown"
"STAC","turquoise"
"SPAG4","blue"
"LOC112268151","pink"
"EVA1B","turquoise"
"CBR1-AS1","magenta"
"TRI-AAT5-5","black"
"LINC00941","brown"
"SNHG22","black"
"CYP3A7","magenta"
"MT-TL1","cyan"
"IGHV2-70","purple"
"SNED1-AS1","black"
"GASK1B","turquoise"
"NFIC","tan"
"LYPD6B","yellow"
"TLR2","turquoise"
"SCARNA22","red"
"LHFPL5","blue"
"LOC105377227","blue"
"LOC107985250","blue"
"CD163L1","turquoise"
"HERPUD1","blue"
"OBSL1","blue"
"CACNB2","blue"
"PTPRO","turquoise"
"NXN","blue"
"H2BC21","brown"
"TPD52","yellow"
"ALDH1A3","turquoise"
"FMNL1","turquoise"
"CASTOR3P","blue"
"DACH2","pink"
"RNU6-9","red"
"TENM1","pink"
"HCAR2","greenyellow"
"LOC105376025","black"
"MMRN2","green"
"105378936","blue"
"PDE3A","tan"
"LOC105378604","black"
"RPS18","red"
"NTN4","blue"
"RPL39L","brown"
"TRT-TGT6-1","black"
"SHANK3","green"
"SHC3","blue"
"CDCA3","brown"
"RPL9","red"
"ASPH","brown"
"GALNT16","tan"
"GSN-AS1","turquoise"
"CD3E","turquoise"
"CCL15-CCL14","magenta"
"PREX1","turquoise"
"SMIM10L2A","blue"
"OLFML3","turquoise"
"PARP3","brown"
"CD83","turquoise"
"NOS3","turquoise"
"IGFALS","salmon"
"LOC112268199","turquoise"
"HMGCLL1","pink"
"FEV","pink"
"ADAMTSL2","pink"
"ENO1","brown"
"PPP2R2B","turquoise"
"STX11","turquoise"
"CD3D","turquoise"
"GSTM2","blue"
"FAM83F","blue"
"ZNF532","turquoise"
"HCLS1","turquoise"
"LRRTM3","pink"
"SQLE","brown"
"PCDH18","turquoise"
"ISYNA1","blue"
"TMEM163","red"
"PELI1","brown"
"TAGLN2","brown"
"RNU5E-1","red"
"ARHGAP30","turquoise"
"SELENOP","blue"
"RCN3","turquoise"
"TTC39A","grey"
"FZD4","green"
"ZNF676","blue"
"TNFRSF9","turquoise"
"NPIPB15","magenta"
"IER3-AS1","black"
"UCHL1","pink"
"KRT8","yellow"
"NDRG1","brown"
"AKAP19","magenta"
"QPRT","blue"
"PTCHD1","salmon"
"TRBV9","blue"
"MAOA","blue"
"COL4A4","blue"
"TPBG","brown"
"IL1RL1","purple"
"KIF26B-AS1","turquoise"
"AFAP1L1","turquoise"
"PNPLA3","turquoise"
"TBXAS1","turquoise"
"LRRN1","turquoise"
"IL18RAP","purple"
"B3GNT7","yellow"
"MITA1","brown"
"LOC107986064","blue"
"LINC01320","blue"
"NLGN1","pink"
"SLC4A7","yellow"
"SHROOM4","turquoise"
"CEP170","turquoise"
"COMMD8","brown"
"SELENOW","brown"
"CCL8","turquoise"
"LOC105369151","turquoise"
"112267870","yellow"
"SLCO3A1","turquoise"
"TRQ-CTG6-1","black"
"ANKRD18A","blue"
"CNTNAP2","grey"
"JPH4","pink"
"DISP2","magenta"
"STMN3","turquoise"
"ME1","brown"
"DNAJB9","blue"
"ITGB5","turquoise"
"CLEC10A","turquoise"
"THEMIS","turquoise"
"EHF","yellow"
"LOC105378626","brown"
"IGFBP7-AS1","turquoise"
"LOC105377406","turquoise"
"SNTG1","pink"
"THNSL2","grey"
"LOC105375532","turquoise"
"CDK14","blue"
"ENPEP","magenta"
"LOC105372143","blue"
"ARX","salmon"
"GAU1","salmon"
"FABP3","turquoise"
"PCA3","salmon"
"ADARB2","blue"
"C16orf74","greenyellow"
"RPL26","red"
"ARID5A","black"
"TMEM139","magenta"
"LOXL4","turquoise"
"ITPKA","yellow"
"IGF2BP1","greenyellow"
"ECI2","blue"
"ARL17B","grey"
"LINC02233","blue"
"APOBEC3G","greenyellow"
"SEC61G","red"
"TENT5B","black"
"SPON2","turquoise"
"NXPE2","salmon"
"CALCRL","turquoise"
"MT-TT","cyan"
"REEP3","brown"
"VSNL1","brown"
"C12orf56","turquoise"
"RPS27","red"
"SEPTIN6","turquoise"
"ETHE1","brown"
"BTK","turquoise"
"CFC1","pink"
"LENG8","blue"
"RPS27L","red"
"PLCB3","magenta"
"NEIL3","brown"
"RNASE6","turquoise"
"THSD7B","turquoise"
"CLEC3B","green"
"SYCP2L","blue"
"PSME2","brown"
"ADGRE2","turquoise"
"HLA-G","greenyellow"
"LINC00861","turquoise"
"SERTAD4","brown"
"SLC25A24","brown"
"TRBV6-3","blue"
"EVC","tan"
"PLLP","yellow"
"MGST3","brown"
"CHMP5","brown"
"SYNAGE","grey"
"TRD-GTC2-10","black"
"CAMK4","brown"
"IGLV7-43","purple"
"COX6C","brown"
"PDGFRL","turquoise"
"SLC2A14","blue"
"ANO9","yellow"
"PARP11-AS1","blue"
"SPIB","turquoise"
"GMDS","grey"
"RHOC","brown"
"C17orf78","magenta"
"PSEN2","blue"
"SYT11","turquoise"
"FMOD","black"
"C1QL1","pink"
"MIR10394","red"
"ADGRG6","brown"
"PLAG1","greenyellow"
"INF2","brown"
"SNHG5","red"
"ULK1","blue"
"LDLRAD4-AS1","turquoise"
"107986148","black"
"112268421","turquoise"
"ZC3H12A","brown"
"CAPN9-AS1","yellow"
"DOK6","turquoise"
"KCNK17","pink"
"FGL2","turquoise"
"PRODH2","blue"
"SYTL1","blue"
"IGHV3-73","purple"
"LINC00312","green"
"ARL4A","brown"
"A4GALT","turquoise"
"ZNF385A","turquoise"
"PRKG2","magenta"
"SNORA59A","red"
"RAB23","turquoise"
"LOC105374739","blue"
"CYP2B7P","magenta"
"LOC107984510","black"
"ABO","grey"
"IQCN","tan"
"SRPX2","turquoise"
"DTHD1","turquoise"
"INPP4B","brown"
"FFAR4","salmon"
"ANK1","brown"
"AR","tan"
"PKD1","green"
"NEBL","red"
"GAS5","red"
"PACSIN3","blue"
"KLF7","turquoise"
"SIDT1","brown"
"107984616","turquoise"
"HIC1","turquoise"
"SLC25A5","magenta"
"ATP8B4","turquoise"
"LTB","turquoise"
"LDHB","blue"
"DDIAS","brown"
"ASTL","black"
"CX3CL1","turquoise"
"HLA-H","brown"
"MAT2A","blue"
"LOC105371981","turquoise"
"TMEM54","yellow"
"PPFIA2","turquoise"
"LINC03135","blue"
"PRKAA2","blue"
"SNORA103","red"
"H2BC6","brown"
"ETV7","brown"
"CEACAM3","brown"
"LOC105376526","blue"
"PYGB","brown"
"STARD4","brown"
"STIL","brown"
"SGMS2","brown"
"SLCO2A1","green"
"KIF3C","turquoise"
"LAMTOR5","red"
"OAT","yellow"
"DACT3","turquoise"
"GSDMB","yellow"
"ZNF737","blue"
"LPAR5","brown"
"SCN2A","pink"
"LRP1","turquoise"
"NRIP3","turquoise"
"BST1","yellow"
"CAPZA2","brown"
"ORM1","black"
"SH3BGRL2","yellow"
"LGALS9","brown"
"EPHA10","grey"
"OBSCN","blue"
"SOX6","blue"
"GDF9","red"
"RPS7","red"
"MYRF","grey"
"SLC37A1","yellow"
"DMGDH","blue"
"TLL1","tan"
"IRF6","brown"
"JUP","brown"
"SEC14L2","brown"
"SOX9-AS1","blue"
"MEOX2","turquoise"
"IGSF6","turquoise"
"MST1","magenta"
"CFL1","brown"
"MICAL1","turquoise"
"TRIB2","turquoise"
"H4C3","red"
"CTSH","greenyellow"
"TESPA1","turquoise"
"IZUMO1","blue"
"KIFC3","blue"
"ICOS","turquoise"
"SLC15A3","turquoise"
"CX3CR1","turquoise"
"TPSAB1","purple"
"GPC1","turquoise"
"AGPAT2","magenta"
"GIMAP2","brown"
"RPL35","red"
"LINC01354","blue"
"GREM1-AS1","turquoise"
"BACH2","tan"
"DHRS12","blue"
"LOC105369937","grey"
"CENPA","brown"
"MT-TK","cyan"
"SNORA59B","red"
"ALDH1A2","blue"
"KHK","magenta"
"FADS3","black"
"PEX5L-AS2","blue"
"NCAPH","brown"
"ZNF710-AS1","blue"
"MT-TS2","blue"
"VTRNA1-2","black"
"LOC105370732","blue"
"GPR171","turquoise"
"CPED1","green"
"ZMAT1","blue"
"APOBEC3D","brown"
"DHRS11","magenta"
"GGTA1","green"
"APOL6","brown"
"TACC3","brown"
"TMEM88","black"
"ZNF165","black"
"LILRB2","turquoise"
"KIF5A","pink"
"LOC100652768","blue"
"PLEKHA6","yellow"
"NAV1","turquoise"
"LINC02910","greenyellow"
"107985163","black"
"ITGB2-AS1","turquoise"
"CGN","yellow"
"CXCR2","turquoise"
"LAYN","turquoise"
"LINC01625","blue"
"DDIT3","brown"
"FPR2","turquoise"
"SHROOM3","yellow"
"GSTM5","green"
"PCDH11X","pink"
"IGHV4-30-2","purple"
"LOC105378520","yellow"
"MT-TV","cyan"
"102724788","magenta"
"RHOQ-AS1","turquoise"
"CCL5","turquoise"
"TBX2","turquoise"
"TRPV4","grey"
"PAX5","turquoise"
"PRRT2","green"
"SPI1","turquoise"
"TRP-TGG1-1","black"
"CACNA1C-AS4","turquoise"
"TUBA1B","brown"
"ACSM3","blue"
"SYNGR1","blue"
"SMIM35","turquoise"
"PLEKHH1","blue"
"ADCY2","pink"
"IFT20","blue"
"SOX5","turquoise"
"ST3GAL1","turquoise"
"LOC105370286","blue"
"SHOX2","brown"
"ADRB2","turquoise"
"FCGR2B","turquoise"
"H4C1","brown"
"LRATD1","yellow"
"CCRL2","brown"
"ATG9B","turquoise"
"COX5B","brown"
"TRDN","green"
"GALNT12","yellow"
"LOC105377329","brown"
"HAAO","blue"
"NRARP","grey"
"PPP1R14A","green"
"SORCS2","turquoise"
"EPHB6","blue"
"MFSD6L","blue"
"NAA16","blue"
"ODC1","salmon"
"ADAP1","yellow"
"TBILA","blue"
"PRICKLE2","green"
"TMSB4Y","grey"
"CCL4","black"
"PTPRD","turquoise"
"SP6","brown"
"TRH-GTG1-1","black"
"TRIM22","turquoise"
"PHYHIP","turquoise"
"ENTPD2","yellow"
"LINC02996","green"
"LOC107985779","pink"
"RPL34","red"
"RNF150","tan"
"MYO1F","turquoise"
"STARD9","turquoise"
"SLC9A3","yellow"
"TSKU","turquoise"
"LOC107985072","turquoise"
"NAV2-AS5","green"
"PCDHA10","blue"
"TCIM","grey"
"EPS8","brown"
"RUNX3","turquoise"
"CDC42EP5","brown"
"LOC100287290","turquoise"
"SCARNA7","red"
"LDOC1","green"
"NPDC1","yellow"
"DNAJC22","yellow"
"PLEKHG1","turquoise"
"CCAT1","yellow"
"DPY19L2P3","blue"
"GVINP1","turquoise"
"ARHGAP28","blue"
"TRAF3IP3","turquoise"
"GDPD2","brown"
"LOC105375913","brown"
"MEF2C","turquoise"
"PMP2","tan"
"LOC105375200","blue"
"CD79B","turquoise"
"TBC1D24","blue"
"NAMPT","turquoise"
"ACTG1P4","blue"
"DUSP8","blue"
"SLC25A27","blue"
"RXRG","pink"
"FZD7","turquoise"
"107986431","turquoise"
"SNORA63C","red"
"LOC107984007","pink"
"IGSF1","blue"
"HIP1R","blue"
"BPNT1","brown"
"PHLDA1","turquoise"
"107986697","turquoise"
"GUCY1A1","tan"
"ZWINT","brown"
"CLIC3","brown"
"HLA-DQB1-AS1","turquoise"
"RHOU","blue"
"CHRD","blue"
"HOXB4","turquoise"
"PRRX2","turquoise"
"KCNH6","pink"
"CDC45","brown"
"107986348","brown"
"SELENOK","red"
"GPRIN2","blue"
"UPP1","turquoise"
"DAPL1","blue"
"107985054","turquoise"
"IGLV6-57","purple"
"LMNA","black"
"BICD1","turquoise"
"RNU6ATAC","red"
"CYP3A7-CYP3A51P","magenta"
"CNGA3","pink"
"FLJ32255","turquoise"
"FAM171A1","blue"
"LOC107985728","pink"
"CPNE5","turquoise"
"NCF4","turquoise"
"PRSS8","yellow"
"SKIL","brown"
"MANCR","brown"
"PCDHA4","blue"
"SPTBN5","green"
"PLB1","turquoise"
"LYPD3","brown"
"SNHG7","red"
"ADCYAP1R1","green"
"CBLN4","tan"
"MYO1G","turquoise"
"LOC105372036","blue"
"LOC105372442","brown"
"ARAP3","turquoise"
"107984526","turquoise"
"MRPS12","brown"
"ADAM33","green"
"HDGFL3","turquoise"
"OR6M1","blue"
"CCDC9B","blue"
"TRI-AAT5-1","black"
"107984316","turquoise"
"ATP5MK","brown"
"CORO1A","turquoise"
"LOC105377290","grey"
"TFPI","brown"
"PAQR5","blue"
"ABCC6P1","blue"
"LOC389765","blue"
"TLR7","turquoise"
"LOXL1","turquoise"
"MIR587","blue"
"LINC00842","greenyellow"
"ABTB3","greenyellow"
"MAPK10","tan"
"KCNN2","blue"
"DUSP10","grey"
"105372838","blue"
"TUBA4A","brown"
"IL1R1","turquoise"
"SOX8","black"
"PATL2","turquoise"
"TRL-TAG2-1","black"
"PLEKHG6","yellow"
"SPRED3","turquoise"
"ITM2A","salmon"
"BATF","brown"
"RPS10","red"
"LEISA1","turquoise"
"CCDC8","blue"
"ABCB1","magenta"
"IGSF5","blue"
"RASAL3","turquoise"
"CNTN4","tan"
"CHN2-AS1","blue"
"LOC105378827","salmon"
"SLC51A","magenta"
"AVPI1","brown"
"HPS3","brown"
"CNIH3-AS1","blue"
"CYRIA","turquoise"
"TUBAL3","magenta"
"ANKRD29","turquoise"
"C1orf116","yellow"
"HECW1","turquoise"
"CCR2","turquoise"
"OSBPL7","yellow"
"CIRBP","blue"
"MRGPRF","turquoise"
"IL2RB","turquoise"
"LARGE2","blue"
"CENPU","brown"
"GRIN2C","pink"
"WDFY2","blue"
"FNDC4","turquoise"
"112268109","brown"
"PCNA","brown"
"PRRT1B","blue"
"NPY4R","brown"
"TMSB4X","brown"
"RBMS1","turquoise"
"RASGEF1B","turquoise"
"107987281","turquoise"
"PKIB","brown"
"LOC105375247","turquoise"
"IDH1","brown"
"TAP2","brown"
"OSR1","green"
"LDLR-AS1","grey"
"CASTOR2","blue"
"LOC100996643","turquoise"
"PKD1P4-NPIPA8","green"
"RGMA","tan"
"RANBP17","blue"
"LOC107985043","blue"
"BHLHE41","turquoise"
"KIF21B","turquoise"
"LOC107984770","turquoise"
"CACNB3","brown"
"CHMP4C","yellow"
"AP1S1","brown"
"BEX2","blue"
"UBE2E2","turquoise"
"RORB","turquoise"
"SNORA86","turquoise"
"LOC105375046","blue"
"GRIK3","green"
"HK3","turquoise"
"CLTB","yellow"
"GOLGA8H","blue"
"PLAC9","green"
"RASAL1","brown"
"RAB40C","blue"
"SCGB2A1","grey"
"BSN","pink"
"RENBP","turquoise"
"PLEKHG5","turquoise"
"WDR62","brown"
"FAM13C","blue"
"CLEC11A","turquoise"
"107984751","turquoise"
"TRS-GCT6-1","black"
"SH3BGRL3","brown"
"PAX8","brown"
"RET","pink"
"PCP4","green"
"RHOV","blue"
"LOC105373000","magenta"
"TNFRSF14-AS1","yellow"
"APOC2","brown"
"CYP2U1-AS1","black"
"CCDC152","blue"
"SCUBE3","turquoise"
"107986020","salmon"
"PLEKHA4","green"
"PWAR6","blue"
"BAK1","brown"
"TNS2","green"
"C1orf115","magenta"
"LY9","turquoise"
"SRCIN1","blue"
"PPEF1","turquoise"
"GATA2-AS1","blue"
"TMBIM4","red"
"SLC2A11","blue"
"VASP","brown"
"UGT8","yellow"
"PYHIN1","turquoise"
"TLR8","turquoise"
"PDE4D","brown"
"ROBO2","grey"
"C3orf20","salmon"
"IGLJ1","purple"
"ENPP5","blue"
"FOXC1","turquoise"
"PPP1R18","turquoise"
"LOC105378773","blue"
"HLA-DMA","turquoise"
"LOC107986512","grey"
"COL21A1","tan"
"ANG","red"
"HES4","grey"
"ZDHHC20","brown"
"SNORA101B","red"
"SLFN5","turquoise"
"LRRC7","blue"
"GPRASP1","tan"
"TNFRSF10A","brown"
"TPI1","brown"
"LOC105377223","grey"
"MUC12-AS1","brown"
"KRTCAP3","yellow"
"H4C16","red"
"LRFN4","brown"
"RNASE7","greenyellow"
"FENDRR","brown"
"HRNR","blue"
"KRT10","red"
"GAL3ST4","turquoise"
"BCAT2","blue"
"ABCA1","turquoise"
"CHN1","turquoise"
"LOC101929028","turquoise"
"SVOP","pink"
"107986016","green"
"LIMS2","green"
"MNX1","blue"
"LOC107986293","blue"
"TNFSF14","turquoise"
"SH3PXD2A","turquoise"
"LILRB3","turquoise"
"UBXN10","brown"
"ZC3H12D","brown"
"LOC100507403","turquoise"
"107985037","blue"
"TK1","brown"
"SBNO2","turquoise"
"H2AZ1","brown"
"LDLRAD4","turquoise"
"CXCR1","black"
"MT-CO3","cyan"
"CRB3","yellow"
"GKAP1","blue"
"ENTPD3","blue"
"GPR150","blue"
"FMNL3","turquoise"
"MAFA","blue"
"LOC105377402","black"
"SNORA6","red"
"SYNPR","salmon"
"MKNK2","blue"
"MYL12-AS1","brown"
"RCN1","turquoise"
"PLPPR4","turquoise"
"CACNA1B","pink"
"B4GALT6","greenyellow"
"LTBP3","green"
"SPINT2","yellow"
"INSYN2B","turquoise"
"ITGA6","brown"
"PDGFRA","turquoise"
"RDH10-AS1","blue"
"SLC46A1","magenta"
"RTL5","green"
"ALDOC","brown"
"ARSI","turquoise"
"KCNH2","pink"
"SLC16A4","brown"
"SPINT1","yellow"
"MAFB","turquoise"
"LOC105370170","turquoise"
"NDUFB3","brown"
"SPIN4","brown"
"PRX","black"
"TINAG","yellow"
"TST","yellow"
"ABHD3","yellow"
"RPS5","red"
"SPTBN2","blue"
"SOX4","turquoise"
"ERBB3","yellow"
"SNX20","turquoise"
"GTSE1","brown"
"RAB3C","pink"
"LOC112268022","blue"
"MGAT4B","yellow"
"FRRS1","brown"
"LINC01605","brown"
"SCN8A","blue"
"CYTIP","turquoise"
"ABCA3","blue"
"COL27A1","blue"
"SLC19A2","blue"
"CCL14","green"
"TPPP","blue"
"GPR183","turquoise"
"HECW2","turquoise"
"C1QTNF6","turquoise"
"ARHGEF2","turquoise"
"GNG10","brown"
"ROCR","blue"
"SCN3A","pink"
"LOC100420587","blue"
"LAMA5","grey"
"PRDX1","brown"
"PFDN4","brown"
"ZBED2","turquoise"
"LGSN","blue"
"FAM95C","blue"
"LOC107985926","turquoise"
"SLC38A11","blue"
"CYP2B6","brown"
"ABTB2","yellow"
"HOXB-AS3","turquoise"
"CD164","brown"
"ARID5B","turquoise"
"HIF1A-AS3","turquoise"
"SH3GL2","pink"
"PCLO","blue"
"NPL","turquoise"
"LOC105373968","blue"
"ESRP1","yellow"
"PARVG","turquoise"
"TRBVA","blue"
"IGLV3-10","purple"
"107984494","turquoise"
"EFNA2","yellow"
"CSF2RB","turquoise"
"PTGER2","brown"
"CBLC","yellow"
"TENM3","turquoise"
"RAB32","turquoise"
"IER2","black"
"107984413","turquoise"
"LMNTD2","blue"
"MIR3652","black"
"SEMA4B","brown"
"HEPHL1","greenyellow"
"CAV2","turquoise"
"NOVA1","pink"
"TIE1","turquoise"
"CASP5","yellow"
"SNORA10B","red"
"WTIP","green"
"HCAR3","greenyellow"
"LARP1B","blue"
"SLC10A1","black"
"ACOX2","blue"
"CHRNB3","blue"
"TGFB1I1","turquoise"
"ADORA1","blue"
"MRPS35","brown"
"LAX1","purple"
"LOC107984391","black"
"UNC13D","brown"
"ARHGEF6","turquoise"
"DLL1","blue"
"BCYRN1","red"
"IL1RL2","turquoise"
"RPL17","red"
"107986566","yellow"
"LOC107986475","turquoise"
"S1PR3","turquoise"
"AP1M2","yellow"
"RAPGEF3","turquoise"
"KCNMB4","turquoise"
"MAP2K6-AS1","green"
"PPP1R3C","grey"
"SLC6A16","blue"
"EGFL6","turquoise"
"SH3BP1","brown"
"SH3PXD2A-AS1","brown"
"TPD52L1","blue"
"NEB","turquoise"
"AMHR2","blue"
"MCF2L","grey"
"BMAL2-AS1","brown"
"LOC107984615","tan"
"RPL21","red"
"ANXA9","blue"
"ITGA1","turquoise"
"SEMA3G","green"
"PHACTR1","blue"
"ATP5MF","brown"
"ZNF385B","pink"
"DIAPH3","brown"
"RHCG","blue"
"MCM2","brown"
"WNT11","blue"
"ZFPM1","blue"
"CALU","turquoise"
"MAILR","blue"
"CLIC4","turquoise"
"MT-TD","blue"
"H2AX","brown"
"PDE10A","turquoise"
"NBEA","blue"
"CRYL1","yellow"
"PLK3","black"
"CD1C","turquoise"
"ALG5","red"
"GLIS2","turquoise"
"PLXDC1","turquoise"
"SDC2","tan"
"ARHGEF15","green"
"KLF11","blue"
"SCRN1","blue"
"LINC00513","black"
"IL6R","turquoise"
"ALDH1B1","turquoise"
"BCL10","brown"
"LOC101927055","blue"
"LOC105377498","blue"
"BLK","turquoise"
"RERG","turquoise"
"BAHCC1","green"
"RASSF4","blue"
"TMEM178B","blue"
"PDZD4","green"
"LXN","brown"
"FERMT2","turquoise"
"INSC","grey"
"PLXND1","turquoise"
"PPARGC1A-AS1","yellow"
"CYP27A1","yellow"
"LOC107986275","salmon"
"CAVIN2","tan"
"VAMP8","brown"
"LINC02884","green"
"EGFL7","green"
"UHRF1","brown"
"PNPLA2","blue"
"105376901","turquoise"
"SNORA14A","red"
"CALN1","blue"
"DDX43","grey"
"APOL4","turquoise"
"LOC105374056","blue"
"ZNF185","turquoise"
"GGT5","turquoise"
"ESPN","magenta"
"NAT2","magenta"
"RPS13","red"
"TUBB6","turquoise"
"ARHGEF16","yellow"
"ATOH8","green"
"MAPK15","grey"
"MIR650","purple"
"CIAO2A","brown"
"PLGRKT","brown"
"RP2","brown"
"SMTN","green"
"H2AC15","brown"
"SLC6A1","turquoise"
"SMAGP","brown"
"MPP7","blue"
"THSD7A","turquoise"
"DLEU7","brown"
"DYNLT1","brown"
"COX6A1","brown"
"ORC1","brown"
"CCL3-AS1","turquoise"
"KLF9-DT","blue"
"TIPARP","black"
"GABRR2","turquoise"
"ZNF85","blue"
"SULT1A2","magenta"
"COBLL1","blue"
"SPINK13","grey"
"HNF1A","blue"
"GMFG","turquoise"
"TNFSF13B","turquoise"
"LOC107985664","blue"
"ST14","yellow"
"HINT1","red"
"CXADR","yellow"
"IGHV5-10-1","purple"
"ASB9","pink"
"PADI2","turquoise"
"LOC105370108","grey"
"MCUB","brown"
"SCGB2B2","blue"
"NXF3","turquoise"
"CTSC","turquoise"
"SLC6A4","magenta"
"CAP1","brown"
"CIP2A","brown"
"MSRB1","blue"
"KLKB1","blue"
"MUC20","brown"
"GLIS3","blue"
"TMEM151A","black"
"GAD1","brown"
"JAML","turquoise"
"LOC105370823","blue"
"TUBA1A","turquoise"
"GDPD3","yellow"
"RGS5","green"
"RARA","turquoise"
"LINC00473","pink"
"CSF1R","turquoise"
"CYSLTR2","turquoise"
"APOC4-APOC2","brown"
"HES2","brown"
"PFKFB4","blue"
"IKBIP","turquoise"
"USP44","blue"
"LRRC75A","red"
"GRP","turquoise"
"C6orf132","yellow"
"RBMS3","turquoise"
"NCS1","turquoise"
"ZCCHC24","turquoise"
"UBE2L6","brown"
"SEMA6B","turquoise"
"SEZ6L2","blue"
"SLC9A1","yellow"
"TRBV4-2","blue"
"SRMS","brown"
"BCL3","green"
"DCHS1","turquoise"
"ASPA","green"
"IGHV3-13","purple"
"SNORA5A","red"
"TASL","turquoise"
"CERCAM","turquoise"
"CARD10","yellow"
"GPR37","blue"
"FAM149A","blue"
"IL31RA","greenyellow"
"LINC02417","blue"
"HLA-DOB","turquoise"
"EIF5A2","brown"
"PEBP4","blue"
"PROS1","turquoise"
"TRK-CTT2-4","black"
"ANXA2P2","brown"
"SGO2","brown"
"SLC12A5-AS1","greenyellow"
"LDLRAD2","turquoise"
"ARHGEF25","turquoise"
"CELF2-AS1","turquoise"
"HSD17B8","blue"
"LINC02912","brown"
"TRBV25-1","blue"
"SALL4","grey"
"ZNF208","blue"
"RPS6KA6","blue"
"DAB1","magenta"
"RNF183","brown"
"TCF4","turquoise"
"TTTY10","grey"
"RGL3","blue"
"CLSPN","brown"
"LAMA1","grey"
"LINC00365","yellow"
"ADA2","turquoise"
"SNHG14","blue"
"KRT80","grey"
"CCL22","turquoise"
"MOCOS","yellow"
"FBRSL1","blue"
"CD200","turquoise"
"CST6","turquoise"
"BMX","turquoise"
"TGFB1","turquoise"
"ZBTB10","blue"
"FAM78A","turquoise"
"ELOB","brown"
"MOV10L1","turquoise"
"PRXL2B","brown"
"LINC01099","grey"
"SMOC2","tan"
"C1orf210","yellow"
"UCP2","turquoise"
"TRPC1","turquoise"
"SNORA71C","red"
"107987237","black"
"BAIAP2","turquoise"
"SELP","green"
"NRSN1","blue"
"CD44","turquoise"
"CYP4F24P","pink"
"FGF2","turquoise"
"INHBA-AS1","turquoise"
"LINC01814","yellow"
"RGS9","pink"
"KBTBD11","yellow"
"LINC02593","pink"
"C14orf132","pink"
"C1QTNF7","green"
"LDLRAP1","blue"
"SLC25A25-AS1","yellow"
"IGSF10","blue"
"ARHGEF10L","blue"
"LOC101928570","blue"
"ACER2","red"
"PLCH1","grey"
"TRH-GTG1-7","black"
"UBL5","brown"
"SCML4","purple"
"AKAP6","green"
"TMEM38B","brown"
"EMILIN2","turquoise"
"ANKFN1","brown"
"SAMD4A","green"
"ANKRD20A4-ANKRD20A20P","blue"
"RCSD1","turquoise"
"RBIS","red"
"DNAJC25-GNG10","brown"
"LIPA","brown"
"HFM1","blue"
"BAG2","turquoise"
"APOL3","turquoise"
"LSMEM1","blue"
"ZNF703","brown"
"KLHL25","turquoise"
"SIX4","grey"
"H4C6","turquoise"
"ADAM7-AS2","blue"
"ABR","turquoise"
"HSP90AA1","brown"
"SNORA55","blue"
"RPL17-C18orf32","red"
"KCNQ1","blue"
"ACADS","magenta"
"FAM135B","pink"
"NUMBL","turquoise"
"DLC1","green"
"LINC00578","turquoise"
"RERGL","green"
"MKX","black"
"EPHA8","blue"
"GATA5","magenta"
"LOC105377548","yellow"
"LINC02666","blue"
"CAMK2B","pink"
"CLUAP1","greenyellow"
"CSMD2","turquoise"
"PSME1","brown"
"DMKN","blue"
"EXO1","brown"
"112268463","turquoise"
"PNMA1","turquoise"
"KLRC1","grey"
"DNAJC12","red"
"FOXD1","brown"
"STX1A","yellow"
"L1CAM","pink"
"CYP7B1","tan"
"LOC105373265","turquoise"
"LINC01050","turquoise"
"OIT3","magenta"
"DYNC1I1","green"
"SPHK1","black"
"CHSY1","turquoise"
"TRR-ACG1-2","black"
"C1orf54","turquoise"
"CAPN15","grey"
"PZP","purple"
"EBF3-AS1","turquoise"
"SPMIP1","turquoise"
"NUGGC","purple"
"MFNG","brown"
"LOC107987338","brown"
"DDX11","grey"
"PDE1A","turquoise"
"PID1","tan"
"SERPINB8","brown"
"FOXC2","green"
"UQCRQ","red"
"105378046","blue"
"102724143","blue"
"HGF","turquoise"
"LY86","turquoise"
"PLAAT3","turquoise"
"RPS17","red"
"TES","brown"
"TSNARE1","blue"
"LOC102723716","black"
"LRP3","blue"
"PLS3","turquoise"
"KCNB2","pink"
"IFIT2","turquoise"
"MIR17HG","blue"
"EVL","green"
"SNORA80D","red"
"CD5","turquoise"
"TRBVB","blue"
"TNFRSF14","yellow"
"PSMB8-AS1","brown"
"HSD11B1","turquoise"
"TNIK","yellow"
"SH3TC1","turquoise"
"KMO","turquoise"
"NEFM","pink"
"CCR5","turquoise"
"IGSF11","blue"
"RNU12","red"
"FGF19","turquoise"
"SPATA13","blue"
"PAQR6","black"
"TXNDC17","brown"
"RPL18A","red"
"UNC5B-AS1","brown"
"TEF","blue"
"RTP4","brown"
"RAB5IF","brown"
"H2AC20","brown"
"ALOX15B","brown"
"ZFPM2-AS1","turquoise"
"GATA3","turquoise"
"CACNG4","turquoise"
"FCHO1","brown"
"LOC105372031","turquoise"
"PRAG1","brown"
"PRRG4","brown"
"PPP1R16A","grey"
"A2M-AS1","turquoise"
"FRG2C","blue"
"SCGB1B2P","blue"
"UNC5C","turquoise"
"SNORD114-20","red"
"NAP1L3","turquoise"
"ACOT11","yellow"
"MARVELD3","blue"
"TCEAL2","pink"
"ALDOA","brown"
"RASIP1","blue"
"POU2F2","turquoise"
"KIF19","salmon"
"AFAP1","brown"
"HSPB8-AS1","black"
"CTLA4","turquoise"
"MS4A2","turquoise"
"COL15A1","turquoise"
"CACNB2-AS2","blue"
"PPP1R12B","green"
"SLC16A9","grey"
"FAM216B","turquoise"
"RBP7","tan"
"SERPINB1","red"
"CNIH1","brown"
"RNF152","turquoise"
"MYOM3","yellow"
"PKP2","yellow"
"LOC102723409","blue"
"PITPNM1","yellow"
"DNAH2","brown"
"CDH22","blue"
"PPFIA4","turquoise"
"NOX1","brown"
"NIPAL4","greenyellow"
"FCAR","black"
"CPVL","turquoise"
"LOC107987244","black"
"DSCAM","pink"
"CMTM6","brown"
"PTCHD4","turquoise"
"PCDHB4","blue"
"TGFBR1","turquoise"
"KRT18","yellow"
"BTN3A3","brown"
"LOC105374618","tan"
"ARHGAP24","blue"
"PRKCG","salmon"
"PRR16","turquoise"
"LOC105375468","blue"
"MYO5B","yellow"
"112268047","turquoise"
"GSDME","greenyellow"
"DDI1","blue"
"FERMT3","turquoise"
"BEAN1","turquoise"
"NOXA1","blue"
"GAPT","turquoise"
"LOC112694756","brown"
"PEA15","turquoise"
"H4C13","turquoise"
"GPSM1","blue"
"ARHGAP11A","brown"
"BEND6","turquoise"
"SLC35A3","brown"
"CD81","tan"
"107985120","turquoise"
"PVRIG","blue"
"GNG11","turquoise"
"DIO3OS","green"
"NOSTRIN","blue"
"ZNF423","tan"
"BTLA","turquoise"
"PAX6","pink"
"TUBB4B","brown"
"CNTFR","green"
"LOC105377408","brown"
"LOC107986116","turquoise"
"SCHIP1","turquoise"
"LOC100128653","black"
"TMEM63C","blue"
"SNORA25","red"
"ERMN","turquoise"
"SLC52A3","brown"
"RPS3A","red"
"LOC105373177","blue"
"ANGPT1","green"
"LOC110091776","blue"
"SLFN11","turquoise"
"PLD4","greenyellow"
"SNORD8","red"
"ZFP57","turquoise"
"PRODH","magenta"
"NMI","brown"
"LOC105375244","turquoise"
"NDFIP2","brown"
"USP32P2","grey"
"KIF20B","brown"
"NFATC4","turquoise"
"LOC105377225","purple"
"HAGHL","brown"
"RPS28","grey"
"KBTBD8","brown"
"CFC1B","pink"
"SLCO1B7","greenyellow"
"KIAA0319","blue"
"LVRN","green"
"SLC26A7","blue"
"C8orf34-AS1","blue"
"PRIMA1","green"
"LOC107984089","brown"
"LOC107986847","yellow"
"C6orf141","brown"
"GREM2","purple"
"LRRC18","turquoise"
"RNF5P1","blue"
"PKNOX2","blue"
"UNC13C","green"
"107984617","black"
"RANBP3L","green"
"CHIT1","turquoise"
"C12orf75","grey"
"LIMS1","turquoise"
"MCTP1","turquoise"
"ARHGAP45","turquoise"
