"Sample","MEblue","MEcyan","MEpink","MEblack","MEgreen","MEtan","MEred","MEsalmon","MEmagenta","MEbrown","MEyellow","MEpurple","MEgreenyellow","MEturquoise","MEgrey"
"1",0.209178618896468,0.0497886754352301,0.0203186149662212,-0.0821711610557837,0.0308313416892513,0.0923193783609571,0.0945224377084748,-0.0809507991954865,-0.0314827486619904,-0.171340033108495,-0.148594224578619,0.0432034786431217,-0.119535051551069,-0.12926543326952,0.133498209972678
"2",-0.188070986923529,-0.232990544201001,0.0107361236933707,0.0884282526882096,-0.029306297586485,-0.0478315177636488,-0.124739907064105,-0.0751303263440721,-0.0741879202673924,0.127155626590757,0.0421000995476279,0.189013848372023,0.126231764686511,0.26679094381397,0.0957994807184847
"3",0.251737446891427,0.091268089542158,0.0957501587139663,-0.0986073342903748,-0.0414768577079028,0.10058828248049,-0.219372833876006,-0.0677586802403021,-0.0347988254388494,-0.203530907138668,-0.139906015063638,-0.123477955942111,-0.128663694664223,-0.171817100413387,0.105145589439452
"4",-0.15804257898492,-0.38906960571849,-0.0952549740676929,-0.0818340083034678,0.0177249850465274,-0.0434315790900648,-0.279245891545212,-0.0618920807859532,-0.0762869234378704,0.18342252419462,-0.103358061589661,0.29451008122773,0.415105186104254,0.206437823926098,-0.00574006811095333
"5",0.16895287084331,-0.200123922453646,0.138184330086117,0.0917327709913343,0.265787413356066,0.195056201255689,-0.247630778760497,-0.0125671854573629,-0.00639267202903734,-0.14692737881233,-0.116023756151507,-0.231408806070108,-0.0953662686639616,-0.0127511756846883,-0.125150517084503
"6",-0.173840365513778,-0.154083845734411,-0.196669606888834,0.188717938780828,0.11959199019684,-0.0757086034780456,-0.215496677044672,-0.0674221152153896,-0.0403933214312072,0.104529216491819,0.0669485606800036,-0.0697256293470057,0.134589699850528,0.223692296910114,-0.152178936428301
"7",0.219508293855544,0.0570739406543686,-0.0108057350100004,-0.121524897265833,-0.116966566943516,0.120256015437615,0.0360386131826457,-0.0801893051327893,-0.0746190818371737,-0.221757167903845,-0.178569873720208,-0.0710506543564381,-0.138650830454238,-0.228563634170528,0.182991264826282
"8",-0.246762063964044,-0.159774984182617,-0.256540514272325,-0.133579427902789,-0.134149467242891,-0.279994546095863,-0.154794969262,-0.125850236016332,-0.0904919750959253,0.252485004172671,-0.118227965361924,0.0461605532526351,0.674315279891927,0.161274401380531,-0.0669892620667037
"9",0.307664445647294,0.0371809536227212,0.0600298786404937,-0.00266968809607538,0.00678556962630357,0.155087216909588,-0.247911723663572,-0.0963424946910395,-0.0277982321377336,-0.251359393160286,-0.139322127960975,-0.187473301533043,-0.156957514955739,-0.245917970391893,0.126589665766165
"10",-0.121996763240254,-0.168460856243244,0.0952936508262325,-0.00268455093979369,0.0881101171073131,0.0694645719125537,-0.2627932911192,-0.0123475495714105,-0.00164096907084157,0.0797203460058222,0.103931931240844,0.114526694554088,0.0492820992203618,0.175067149976107,0.108929161025999
"11",0.243266395874841,0.123901134517253,0.0878599453475634,-0.075459307106506,-0.0456129413227326,0.0541731867779784,-0.0945151556583466,-0.102319915006425,-0.0385865714904218,-0.222596560518728,-0.127582966401766,-0.209898127460511,-0.131376212521145,-0.209995598076065,0.204496846724647
"12",-0.187396598058706,-0.144513475283266,0.286771623035203,-0.15278580631181,-0.116970661883289,-0.037642427926139,0.0471487492161771,5.84481239400622e-05,-0.0631875775931779,0.175247806223351,0.0933159033459858,0.0069302130185363,0.0886348480536562,0.184657007145672,0.244239194318674
"13",-0.00427834179937673,-0.258042164895198,0.0256368267008823,-0.0703674777436341,-0.0116978062670589,0.0614182320874743,-0.0483805841834257,-0.062232777924951,-0.0713567816612032,-0.0521257743203367,-0.11414874034688,-0.111042344702231,-0.0537831064257142,0.171037496439431,0.123434356152907
"14",-0.175178302487587,-0.133810311221825,-0.182859350150589,-0.0796810030512918,-0.185108532288043,-0.36794047847998,0.0906700449994844,-0.0905842427746268,0.136220301461948,0.339831176970401,0.40803610376505,-0.205690151430787,-0.0289876603587976,-0.0736927660324657,0.188924890292478
"15",0.0149829870598105,0.306696323772205,0.675659579273422,-0.0427966743368059,0.138172084525091,0.177773182338789,-0.0795300367827789,0.0758570736962479,0.0155535198698364,-0.0451673551224735,0.0516425935828852,0.000197364445384283,-0.0407847884365904,0.0937621417950995,-0.216401758992942
"16",0.182462492992501,0.114944557574634,-0.00167690439569546,0.082702110229483,0.0372026525340754,0.102817359515977,0.0877057685966026,-0.0271407191269153,-0.0356397539604042,-0.11877786082743,-0.0992973316366053,0.310706927398134,-0.105859729409513,0.00360733268877521,0.0103372132117414
"17",0.232779425095838,0.179856514419677,-0.071839343269047,-0.138246376979159,-0.180007786079355,0.0456555348336748,0.29892038258394,-0.0107570833293387,-0.0774665352887889,-0.229512074949197,-0.170266573357564,-0.244767897939072,-0.192094337112512,-0.325117088586541,-0.186237223829684
"18",-0.187168131077718,0.11588773449108,-0.22288505873032,-0.194020626595165,-0.292498478797117,-0.442833501728214,0.370827004638319,0.91126015837924,-0.0704999202394364,0.152082239284292,0.251362391778679,0.0242091590030266,-0.127746877202528,-0.284142229837519,0.0166484260623626
"19",0.153862601749357,0.135782491286261,-0.0588424051399698,-0.079945286268273,-0.0109781439128703,0.0563167887803668,0.149503507767245,0.0509859606660489,-0.0644460022037854,-0.110689982212737,-0.122865025107189,-0.186008352708206,-0.11550583336884,-0.0217518466440636,-0.233931555692505
"20",-0.137198869279646,0.0878045527937607,-0.045039423452168,0.00030407895886285,0.309065306950169,0.278869740383284,-0.0576613892769804,0.0110661285956362,-0.054603100518275,-0.0244503867346121,-0.171733661638511,0.0828321460589087,0.0452114892246564,0.267238142399434,-0.297578969338521
"21",0.220653693628582,0.0678761658774577,-0.0891348569870798,-0.104921608322214,-0.170589042891077,0.049152689976706,0.284149433362492,-0.0753153349136372,-0.0574668868646162,-0.201608559964569,-0.101901228249837,-0.20722605767197,-0.103008126426978,-0.261842692903699,0.239181053991969
"22",-0.0493389383382637,-0.118286805126512,0.117682805261978,0.0919725519438362,3.61385270412906e-05,0.0116670475295025,0.0363887826420412,0.0354634040303398,-0.0104806904401056,0.0156314975271215,0.223663173099838,0.0955901344716417,-0.0889185823801513,-0.0562988018059643,0.315892511766127
"23",0.0611330759116957,0.432569327397261,0.201790928158335,0.0497614884778088,0.181308367336724,0.126819976834152,0.0552553840400157,0.0292887902521335,-0.0709940508417384,-0.101127616431294,-0.0806164628836478,0.195441986321154,-0.0753451245639276,0.0790422651737058,-0.311523350443066
"24",-0.192669993527752,-0.0364521019017629,-0.111463419540824,0.00282444659980874,-0.0846069634450066,-0.153886374218361,0.0659464974773588,-0.0769041487775785,-0.00284948009804151,0.253357348985376,0.185760480060078,0.131399191034794,0.210071192913086,0.164794594998663,-0.252925321096238
"25",-0.0694479068823813,0.144622154223957,0.137916666729618,0.424935463135706,0.634958949673932,0.356690640983279,-0.118160176267373,0.093711949853472,-0.04000820903501,-0.110400922863828,-0.238435451100042,-0.116328978665782,-0.0755589632455498,0.177534137165297,-0.223568723606253
"26",-0.129848585872845,0.160976365420894,-0.19551973583275,0.741702258814357,0.145325599475059,0.0415565897911071,0.0841212062924834,0.00925721074394023,0.0322727822392064,0.0707750889682876,0.152074914770709,0.373916180644387,0.0105551103072477,0.123919997072647,-0.152083787794571
"27",0.251281596288855,0.129733945786106,0.0101216849882352,-0.0216615290406354,-0.0725308177591266,0.0657683557645373,0.142053079008111,-0.112367559489363,-0.0329771079001874,-0.231776997200009,-0.153381011277689,-0.231326256464656,-0.123733026953212,-0.259341787736773,-0.0728705393624349
"28",-0.12408285846064,-0.297654279747057,-0.113781167878986,-0.113472477236697,-0.208181745413004,-0.199497924818226,0.361513229380491,-0.123344645918887,-0.0985958730987803,0.223359121037939,0.0160877353767526,-0.0347906262681373,0.207247755161504,0.0601210765661625,-0.138200553058321
"29",-0.227661671887869,0.015936487824479,-0.227164913804093,-0.0706756844710152,-0.199805199569134,-0.261181085998645,0.104495252214588,-0.0274071842324934,0.122696044755811,0.324097671155725,0.248571248636611,-0.0417120188308112,0.0344234854239266,0.0456851809573526,0.226920337828398
"30",-0.144480988436214,0.0413634820695265,-0.0842754070012654,-0.0959764353029094,-0.0744132069357852,-0.251502952356533,-0.159025958606302,0.171875259803354,0.940508562315192,0.141454303660653,0.480735340541199,0.363289200945305,-0.0937921821429686,-0.12416386285595,0.112352364806631
